Workbook

Sheet График поставки
B2: График поставки арматурных каркасов для буронабивных свай на объект МАЙСКАЯ ВЭС
B3: ПОСТАВЩИК: ООО "НЕФТЕБИТУМСЕРВИС - ВОЛГА"
B5: ИСПЫТУЕМЫЕ БНС | D5: ПЛАН | G5: ДАТА ПОСТАВКИ | DH5: ИТОГО
G6: 46174 | CS6: 46204
D7: Кол-во каркасов | G7: 01 | J7: 02 | M7: 03 | P7: 04 | S7: 05 | V7: 06 | Y7: 07 | AB7: 08 | AE7: 09 | AH7: 10 | AK7: 11 | AN7: 12 | AQ7: 13 | AT7: 14 | AW7: 15 | AZ7: 16 | BC7: 17 | BF7: 18 | BI7: 19 | BL7: 20 | BO7: 21 | BR7: 22 | BU7: 23 | BX7: 24 | CA7: 25 | CD7: 26 | CG7: 27 | CJ7: 28 | CM7: 29 | CP7: 30 | CS7: 01 | CV7: 02 | CY7: 03 | DB7: 04 | DE7: 05
B8: №ВЭУ | C8: кол-во свай | D8: КП-1 | E8: КП-2 | F8: КП-3 | G8: КП-1 | H8: КП-2 | I8: КП-3 | J8: КП-1 | K8: КП-2 | L8: КП-3 | M8: КП-1 | N8: КП-2 | O8: КП-3 | P8: КП-1 | Q8: КП-2 | R8: КП-3 | S8: КП-1 | T8: КП-2 | U8: КП-3 | V8: КП-1 | W8: КП-2 | X8: КП-3 | Y8: КП-1 | Z8: КП-2 | AA8: КП-3 | AB8: КП-1 | AC8: КП-2 | AD8: КП-3 | AE8: КП-1 | AF8: КП-2 | AG8: КП-3 | AH8: КП-1 | AI8: КП-2 | AJ8: КП-3 | AK8: КП-1 | AL8: КП-2 | AM8: КП-3 | AN8: КП-1 | AO8: КП-2 | AP8: КП-3 | AQ8: КП-1 | AR8: КП-2 | AS8: КП-3 | AT8: КП-1 | AU8: КП-2 | AV8: КП-3 | AW8: КП-1 | AX8: КП-2 | AY8: КП-3 | AZ8: КП-1 | BA8: КП-2 | BB8: КП-3 | BC8: КП-1 | BD8: КП-2 | BE8: КП-3 | BF8: КП-1 | BG8: КП-2 | BH8: КП-3 | BI8: КП-1 | BJ8: КП-2 | BK8: КП-3 | BL8: КП-1 | BM8: КП-2 | BN8: КП-3 | BO8: КП-1 | BP8: КП-2 | BQ8: КП-3 | BR8: КП-1 | BS8: КП-2 | BT8: КП-3 | BU8: КП-1 | BV8: КП-2 | BW8: КП-3 | BX8: КП-1 | BY8: КП-2 | BZ8: КП-3 | CA8: КП-1 | CB8: КП-2 | CC8: КП-3 | CD8: КП-1 | CE8: КП-2 | CF8: КП-3 | CG8: КП-1 | CH8: КП-2 | CI8: КП-3 | CJ8: КП-1 | CK8: КП-2 | CL8: КП-3 | CM8: КП-1 | CN8: КП-2 | CO8: КП-3 | CP8: КП-1 | CQ8: КП-2 | CR8: КП-3 | CS8: КП-1 | CT8: КП-2 | CU8: КП-3 | CV8: КП-1 | CW8: КП-2 | CX8: КП-3 | CY8: КП-1 | CZ8: КП-2 | DA8: КП-3 | DB8: КП-1 | DC8: КП-2 | DD8: КП-3 | DE8: КП-1 | DF8: КП-2 | DG8: КП-3
B9: ВЭУ-2 | C9: 1 | D9: 1 | E9: 1 | F9: 1 | G9: 1 | H9: 1 | I9: 1 | DH9: =SUM(G9:DG9) -> 3
B10: ВЭУ-6 | C10: 1 | D10: 1 | E10: 1 | F10: 1 | G10: 1 | H10: 1 | I10: 1 | DH10: =SUM(G10:DG10) -> 3
B11: ВЭУ-10 | C11: 1 | D11: 1 | E11: 1 | F11: 1 | J11: 1 | K11: 1 | L11: 1 | DH11: =SUM(G11:DG11) -> 3
B12: ВЭУ-15 | C12: 1 | D12: 1 | E12: 1 | F12: 1 | J12: 1 | K12: 1 | L12: 1 | DH12: =SUM(G12:DG12) -> 3
B13: ВЭУ-18 | C13: 1 | D13: 1 | E13: 1 | F13: 1 | M13: 1 | N13: 1 | O13: 1 | DH13: =SUM(G13:DG13) -> 3
B14: ВЭУ-19 | C14: 1 | D14: 1 | E14: 1 | F14: 1 | M14: 1 | N14: 1 | O14: 1 | DH14: =SUM(G14:DG14) -> 3
B15: ВЭУ-20 | C15: 1 | D15: 1 | E15: 1 | F15: 1 | P15: 1 | Q15: 1 | R15: 1 | DH15: =SUM(G15:DG15) -> 3
B16: ВЭУ-22 | C16: 1 | D16: 1 | E16: 1 | F16: 1 | P16: 1 | Q16: 1 | R16: 1 | DH16: =SUM(G16:DG16) -> 3
B17: ВЭУ-25 | C17: 1 | D17: 1 | E17: 1 | F17: 1 | S17: 1 | T17: 1 | U17: 1 | DH17: =SUM(G17:DG17) -> 3
B18: ВЭУ-31 | C18: 1 | D18: 1 | E18: 1 | F18: 1 | S18: 1 | T18: 1 | U18: 1 | DH18: =SUM(G18:DG18) -> 3
B19: ВЭУ-37 | C19: 1 | D19: 1 | E19: 1 | F19: 1 | V19: 1 | W19: 1 | X19: 1 | DH19: =SUM(G19:DG19) -> 3
B20: ВЭУ-38 | C20: 1 | D20: 1 | E20: 1 | F20: 1 | V20: 1 | W20: 1 | X20: 1 | DH20: =SUM(G20:DG20) -> 3
B21: ВЭУ-42 | C21: 1 | D21: 1 | E21: 1 | F21: 1 | Y21: 1 | Z21: 1 | AA21: 1 | DH21: =SUM(G21:DG21) -> 3
B22: ВЭУ-47 | C22: 1 | D22: 1 | E22: 1 | F22: 1 | Y22: 1 | Z22: 1 | AA22: 1 | DH22: =SUM(G22:DG22) -> 3
B23: ВЭУ-48 | C23: 1 | D23: 1 | E23: 1 | F23: 1 | AB23: 1 | AC23: 1 | AD23: 1 | DH23: =SUM(G23:DG23) -> 3
B24: ВЭУ-51 | C24: 1 | D24: 1 | E24: 1 | F24: 1 | AB24: 1 | AC24: 1 | AD24: 1 | DH24: =SUM(G24:DG24) -> 3
B25: ИТОГО | C25: =SUM(C9:C24) -> 16 | D25: =SUM(D9:D24) -> 16 | E25: =SUM(E9:E24) -> 16 | F25: =SUM(F9:F24) -> 16 | G25: =SUM(G9:G24) -> 2 | H25: =SUM(H9:H24) -> 2 | I25: =SUM(I9:I24) -> 2 | J25: =SUM(J9:J24) -> 2 | ... DH25: =SUM(DH9:DH24) -> 48
B26: АНКЕРНЫЕ БНС | D26: ПЛАН | G26: ДАТА ПОСТАВКИ | DH26: ИТОГО
G27: 46174 | CS27: 46204
D28: Кол-во каркасов | G28: 01 | J28: 02 | M28: 03 | P28: 04 | S28: 05 | V28: 06 | Y28: 07 | AB28: 08 | AE28: 09 | AH28: 10 | AK28: 11 | AN28: 12 | AQ28: 13 | AT28: 14 | AW28: 15 | AZ28: 16 | BC28: 17 | BF28: 18 | BI28: 19 | BL28: 20 | BO28: 21 | BR28: 22 | BU28: 23 | BX28: 24 | CA28: 25 | CD28: 26 | CG28: 27 | CJ28: 28 | CM28: 29 | CP28: 30 | CS28: 01 | CV28: 02 | CY28: 03 | DB28: 04 | DE28: 05
B29: №ВЭУ | C29: кол-во свай | D29: КП-1 | E29: КП-2 | F29: КП-3 | G29: КП-1 | H29: КП-2 | I29: КП-3 | J29: КП-1 | K29: КП-2 | L29: КП-3 | M29: КП-1 | N29: КП-2 | O29: КП-3 | P29: КП-1 | Q29: КП-2 | R29: КП-3 | S29: КП-1 | T29: КП-2 | U29: КП-3 | V29: КП-1 | W29: КП-2 | X29: КП-3 | Y29: КП-1 | Z29: КП-2 | AA29: КП-3 | AB29: КП-1 | AC29: КП-2 | AD29: КП-3 | AE29: КП-1 | AF29: КП-2 | AG29: КП-3 | AH29: КП-1 | AI29: КП-2 | AJ29: КП-3 | AK29: КП-1 | AL29: КП-2 | AM29: КП-3 | AN29: КП-1 | AO29: КП-2 | AP29: КП-3 | AQ29: КП-1 | AR29: КП-2 | AS29: КП-3 | AT29: КП-1 | AU29: КП-2 | AV29: КП-3 | AW29: КП-1 | AX29: КП-2 | AY29: КП-3 | AZ29: КП-1 | BA29: КП-2 | BB29: КП-3 | BC29: КП-1 | BD29: КП-2 | BE29: КП-3 | BF29: КП-1 | BG29: КП-2 | BH29: КП-3 | BI29: КП-1 | BJ29: КП-2 | BK29: КП-3 | BL29: КП-1 | BM29: КП-2 | BN29: КП-3 | BO29: КП-1 | BP29: КП-2 | BQ29: КП-3 | BR29: КП-1 | BS29: КП-2 | BT29: КП-3 | BU29: КП-1 | BV29: КП-2 | BW29: КП-3 | BX29: КП-1 | BY29: КП-2 | BZ29: КП-3 | CA29: КП-1 | CB29: КП-2 | CC29: КП-3 | CD29: КП-1 | CE29: КП-2 | CF29: КП-3 | CG29: КП-1 | CH29: КП-2 | CI29: КП-3 | CJ29: КП-1 | CK29: КП-2 | CL29: КП-3 | CM29: КП-1 | CN29: КП-2 | CO29: КП-3 | CP29: КП-1 | CQ29: КП-2 | CR29: КП-3 | CS29: КП-1 | CT29: КП-2 | CU29: КП-3 | CV29: КП-1 | CW29: КП-2 | CX29: КП-3 | CY29: КП-1 | CZ29: КП-2 | DA29: КП-3 | DB29: КП-1 | DC29: КП-2 | DD29: КП-3 | DE29: КП-1 | DF29: КП-2 | DG29: КП-3
B30: ВЭУ-2 | C30: 2 | D30: 2 | E30: 2 | F30: 2 | G30: 2 | H30: 2 | I30: 2 | DH30: =SUM(G30:DG30) -> 6
B31: ВЭУ-6 | C31: 2 | D31: 2 | E31: 2 | F31: 2 | G31: 2 | H31: 2 | I31: 2 | DH31: =SUM(G31:DG31) -> 6
B32: ВЭУ-10 | C32: 2 | D32: 2 | E32: 2 | F32: 2 | J32: 2 | K32: 2 | L32: 2 | DH32: =SUM(G32:DG32) -> 6
B33: ВЭУ-15 | C33: 2 | D33: 2 | E33: 2 | F33: 2 | J33: 2 | K33: 2 | L33: 2 | DH33: =SUM(G33:DG33) -> 6
B34: ВЭУ-18 | C34: 2 | D34: 2 | E34: 2 | F34: 2 | M34: 2 | N34: 2 | O34: 2 | DH34: =SUM(G34:DG34) -> 6
B35: ВЭУ-19 | C35: 2 | D35: 2 | E35: 2 | F35: 2 | M35: 2 | N35: 2 | O35: 2 | DH35: =SUM(G35:DG35) -> 6
B36: ВЭУ-20 | C36: 2 | D36: 2 | E36: 2 | F36: 2 | P36: 2 | Q36: 2 | R36: 2 | DH36: =SUM(G36:DG36) -> 6
B37: ВЭУ-22 | C37: 2 | D37: 2 | E37: 2 | F37: 2 | P37: 2 | Q37: 2 | R37: 2 | DH37: =SUM(G37:DG37) -> 6
B38: ВЭУ-25 | C38: 2 | D38: 2 | E38: 2 | F38: 2 | S38: 2 | T38: 2 | U38: 2 | DH38: =SUM(G38:DG38) -> 6
B39: ВЭУ-31 | C39: 2 | D39: 2 | E39: 2 | F39: 2 | S39: 2 | T39: 2 | U39: 2 | DH39: =SUM(G39:DG39) -> 6
B40: ВЭУ-37 | C40: 2 | D40: 2 | E40: 2 | F40: 2 | V40: 2 | W40: 2 | X40: 2 | DH40: =SUM(G40:DG40) -> 6
B41: ВЭУ-38 | C41: 2 | D41: 2 | E41: 2 | F41: 2 | V41: 2 | W41: 2 | X41: 2 | DH41: =SUM(G41:DG41) -> 6
B42: ВЭУ-42 | C42: 2 | D42: 2 | E42: 2 | F42: 2 | Y42: 2 | Z42: 2 | AA42: 2 | DH42: =SUM(G42:DG42) -> 6
B43: ВЭУ-47 | C43: 2 | D43: 2 | E43: 2 | F43: 2 | Y43: 2 | Z43: 2 | AA43: 2 | DH43: =SUM(G43:DG43) -> 6
B44: ВЭУ-48 | C44: 2 | D44: 2 | E44: 2 | F44: 2 | AB44: 2 | AC44: 2 | AD44: 2 | DH44: =SUM(G44:DG44) -> 6
B45: ВЭУ-51 | C45: 2 | D45: 2 | E45: 2 | F45: 2 | AB45: 2 | AC45: 2 | AD45: 2 | DH45: =SUM(G45:DG45) -> 6
B46: ИТОГО | C46: =SUM(C30:C45) -> 32 | D46: =SUM(D30:D45) -> 32 | E46: =SUM(E30:E45) -> 32 | F46: =SUM(F30:F45) -> 32 | G46: =SUM(G30:G45) -> 4 | H46: =SUM(H30:H45) -> 4 | I46: =SUM(I30:I45) -> 4 | J46: =SUM(J30:J45) -> 4 | ... DH46: =SUM(DH30:DH45) -> 96
B47: ОСНОВНЫЕ | D47: ПЛАН | G47: ДАТА ПОСТАВКИ | DH47: ИТОГО
G48: 46174 | CS48: 46204
D49: Кол-во каркасов | G49: 01 | J49: 02 | M49: 03 | P49: 04 | S49: 05 | V49: 06 | Y49: 07 | AB49: 08 | AE49: 09 | AH49: 10 | AK49: 11 | AN49: 12 | AQ49: 13 | AT49: 14 | AW49: 15 | AZ49: 16 | BC49: 17 | BF49: 18 | BI49: 19 | BL49: 20 | BO49: 21 | BR49: 22 | BU49: 23 | BX49: 24 | CA49: 25 | CD49: 26 | CG49: 27 | CJ49: 28 | CM49: 29 | CP49: 30 | CS49: 01 | CV49: 02 | CY49: 03 | DB49: 04 | DE49: 05
B50: №ВЭУ | C50: кол-во свай | D50: КП-1 | E50: КП-2 | F50: КП-3 | G50: КП-1 | H50: КП-2 | I50: КП-3 | J50: КП-1 | K50: КП-2 | L50: КП-3 | M50: КП-1 | N50: КП-2 | O50: КП-3 | P50: КП-1 | Q50: КП-2 | R50: КП-3 | S50: КП-1 | T50: КП-2 | U50: КП-3 | V50: КП-1 | W50: КП-2 | X50: КП-3 | Y50: КП-1 | Z50: КП-2 | AA50: КП-3 | AB50: КП-1 | AC50: КП-2 | AD50: КП-3 | AE50: КП-1 | AF50: КП-2 | AG50: КП-3 | AH50: КП-1 | AI50: КП-2 | AJ50: КП-3 | AK50: КП-1 | AL50: КП-2 | AM50: КП-3 | AN50: КП-1 | AO50: КП-2 | AP50: КП-3 | AQ50: КП-1 | AR50: КП-2 | AS50: КП-3 | AT50: КП-1 | AU50: КП-2 | AV50: КП-3 | AW50: КП-1 | AX50: КП-2 | AY50: КП-3 | AZ50: КП-1 | BA50: КП-2 | BB50: КП-3 | BC50: КП-1 | BD50: КП-2 | BE50: КП-3 | BF50: КП-1 | BG50: КП-2 | BH50: КП-3 | BI50: КП-1 | BJ50: КП-2 | BK50: КП-3 | BL50: КП-1 | BM50: КП-2 | BN50: КП-3 | BO50: КП-1 | BP50: КП-2 | BQ50: КП-3 | BR50: КП-1 | BS50: КП-2 | BT50: КП-3 | BU50: КП-1 | BV50: КП-2 | BW50: КП-3 | BX50: КП-1 | BY50: КП-2 | BZ50: КП-3 | CA50: КП-1 | CB50: КП-2 | CC50: КП-3 | CD50: КП-1 | CE50: КП-2 | CF50: КП-3 | CG50: КП-1 | CH50: КП-2 | CI50: КП-3 | CJ50: КП-1 | CK50: КП-2 | CL50: КП-3 | CM50: КП-1 | CN50: КП-2 | CO50: КП-3 | CP50: КП-1 | CQ50: КП-2 | CR50: КП-3 | CS50: КП-1 | CT50: КП-2 | CU50: КП-3 | CV50: КП-1 | CW50: КП-2 | CX50: КП-3 | CY50: КП-1 | CZ50: КП-2 | DA50: КП-3 | DB50: КП-1 | DC50: КП-2 | DD50: КП-3 | DE50: КП-1 | DF50: КП-2 | DG50: КП-3
B51: ВЭУ-2 | C51: 24 | D51: =C51 -> 24 | E51: =C51 -> 24 | F51: =C51 -> 24 | CG51: 4 | CH51: 4 | CI51: 4 | CJ51: 6 | CK51: 6 | CL51: 6 | CM51: 6 | CN51: 6 | CO51: 6 | CP51: 6 | CQ51: 6 | CR51: 6 | CS51: 2 | CT51: 2 | CU51: 2 | DH51: =SUM(G51:DG51) -> 72
B52: ВЭУ-4 | C52: 24 | D52: =C52 -> 24 | E52: =C52 -> 24 | F52: =C52 -> 24 | CS52: 4 | CT52: 4 | CU52: 4 | CV52: 6 | CW52: 6 | CX52: 6 | CY52: 6 | CZ52: 6 | DA52: 6 | DB52: 6 | DC52: 6 | DD52: 6 | DE52: 2 | DF52: 2 | DG52: 2 | DH52: =SUM(G52:DG52) -> 72
B53: ВЭУ-8 | C53: 24 | D53: =C53 -> 24 | E53: =C53 -> 24 | F53: =C53 -> 24 | BU53: 4 | BV53: 4 | BW53: 4 | BX53: 6 | BY53: 6 | BZ53: 6 | CA53: 6 | CB53: 6 | CC53: 6 | CD53: 6 | CE53: 6 | CF53: 6 | CG53: 2 | CH53: 2 | CI53: 2 | DH53: =SUM(G53:DG53) -> 72
B54: ВЭУ-10 | C54: 24 | D54: =C54 -> 24 | E54: =C54 -> 24 | BL54: 3 | BM54: 3 | BO54: 9 | BP54: 9 | BR54: 9 | BS54: 9 | BU54: 3 | BV54: 3 | DH54: =SUM(G54:DG54) -> 48
B55: ВЭУ-12 | C55: 24 | D55: =C55 -> 24 | E55: =C55 -> 24 | AH55: 9 | AI55: 9 | AK55: 9 | AL55: 9 | AN55: 6 | AO55: 6 | DH55: =SUM(G55:DG55) -> 48
B56: ВЭУ-14 | C56: 24 | D56: =C56 -> 24 | E56: =C56 -> 24 | AN56: 3 | AO56: 3 | AQ56: 9 | AR56: 9 | AT56: 9 | AU56: 9 | AW56: 3 | AX56: 3 | DH56: =SUM(G56:DG56) -> 48
B57: ВЭУ-16 | C57: 24 | D57: =C57 -> 24 | E57: =C57 -> 24 | AW57: 6 | AX57: 6 | AZ57: 9 | BA57: 9 | BC57: 9 | BD57: 9 | DH57: =SUM(G57:DG57) -> 48
B58: ВЭУ-18 | C58: 24 | D58: =C58 -> 24 | E58: =C58 -> 24 | BF58: 9 | BG58: 9 | BI58: 9 | BJ58: 9 | BL58: 6 | BM58: 6 | DH58: =SUM(G58:DG58) -> 48
B59: ИТОГО | C59: =SUM(C51:C58) -> 192 | D59: =SUM(D51:D58) -> 192 | E59: =SUM(E51:E58) -> 192 | F59: =SUM(F51:F58) -> 72 | G59: =SUM(G51:G58) -> 0 | H59: =SUM(H51:H58) -> 0 | I59: =SUM(I51:I58) -> 0 | J59: =SUM(J51:J58) -> 0 | ... DH59: =SUM(DH51:DH58) -> 456
B60: Итого поставка штук в сутки | G60: =SUM(G59:I59,G46:I46,G25:I25) -> 18 | J60: =SUM(J59:L59,J46:L46,J25:L25) -> 18 | M60: =SUM(M59:O59,M46:O46,M25:O25) -> 18 | P60: =SUM(P59:R59,P46:R46,P25:R25) -> 18 | S60: =SUM(S59:U59,S46:U46,S25:U25) -> 18 | V60: =SUM(V59:X59,V46:X46,V25:X25) -> 18 | Y60: =SUM(Y59:AA59,Y46:AA46,Y25:AA25) -> 18 | AB60: =SUM(AB59:AD59,AB46:AD46,AB25:AD25) -> 18 | AE60: =SUM(AE59:AG59,AE46:AG46,AE25:AG25) -> 0 | AH60: =SUM(AH59:AJ59,AH46:AJ46,AH25:AJ25) -> 18 | AK60: =SUM(AK59:AM59,AK46:AM46,AK25:AM25) -> 18 | AN60: =SUM(AN59:AP59,AN46:AP46,AN25:AP25) -> 18 | AQ60: =SUM(AQ59:AS59,AQ46:AS46,AQ25:AS25) -> 18 | AT60: =SUM(AT59:AV59,AT46:AV46,AT25:AV25) -> 18 | AW60: =SUM(AW59:AY59,AW46:AY46,AW25:AY25) -> 18 | AZ60: =SUM(AZ59:BB59,AZ46:BB46,AZ25:BB25) -> 18 | BC60: =SUM(BC59:BE59,BC46:BE46,BC25:BE25) -> 18 | BF60: =SUM(BF59:BH59,BF46:BH46,BF25:BH25) -> 18 | BI60: =SUM(BI59:BK59,BI46:BK46,BI25:BK25) -> 18 | BL60: =SUM(BL59:BN59,BL46:BN46,BL25:BN25) -> 18 | BO60: =SUM(BO59:BQ59,BO46:BQ46,BO25:BQ25) -> 18 | BR60: =SUM(BR59:BT59,BR46:BT46,BR25:BT25) -> 18 | BU60: =SUM(BU59:BW59,BU46:BW46,BU25:BW25) -> 18 | BX60: =SUM(BX59:BZ59,BX46:BZ46,BX25:BZ25) -> 18 | CA60: =SUM(CA59:CC59,CA46:CC46,CA25:CC25) -> 18 | CD60: =SUM(CD59:CF59,CD46:CF46,CD25:CF25) -> 18 | CG60: =SUM(CG59:CI59,CG46:CI46,CG25:CI25) -> 18 | CJ60: =SUM(CJ59:CL59,CJ46:CL46,CJ25:CL25) -> 18 | CM60: =SUM(CM59:CO59,CM46:CO46,CM25:CO25) -> 18 | CP60: =SUM(CP59:CR59,CP46:CR46,CP25:CR25) -> 18 | CS60: =SUM(CS59:CU59,CS46:CU46,CS25:CU25) -> 18 | CV60: =SUM(CV59:CX59,CV46:CX46,CV25:CX25) -> 18 | CY60: =SUM(CY59:DA59,CY46:DA46,CY25:DA25) -> 18 | DB60: =SUM(DB59:DD59,DB46:DD46,DB25:DD25) -> 18 | DE60: =SUM(DE59:DG59,DE46:DG46,DE25:DG25) -> 6 | DH60: =DH59+DH25+DH46 -> 600

Sheet График поставки версия 2
B2: График поставки арматурных каркасов для буронабивных свай на объект МАЙСКАЯ ВЭС
B3: ПОСТАВЩИК: ООО "НЕФТЕБИТУМСЕРВИС - ВОЛГА"
B5: ИСПЫТУЕМЫЕ БНС | D5: ПЛАН | G5: ДАТА ПОСТАВКИ | DH5: ИТОГО
G6: 46174 | CS6: 46204
D7: Кол-во каркасов | G7: 01 | J7: 02 | M7: 03 | P7: 04 | S7: 05 | V7: 06 | Y7: 07 | AB7: 08 | AE7: 09 | AH7: 10 | AK7: 11 | AN7: 12 | AQ7: 13 | AT7: 14 | AW7: 15 | AZ7: 16 | BC7: 17 | BF7: 18 | BI7: 19 | BL7: 20 | BO7: 21 | BR7: 22 | BU7: 23 | BX7: 24 | CA7: 25 | CD7: 26 | CG7: 27 | CJ7: 28 | CM7: 29 | CP7: 30 | CS7: 01 | CV7: 02 | CY7: 03 | DB7: 04 | DE7: 05
B8: №ВЭУ | C8: кол-во свай | D8: КП-1 | E8: КП-2 | F8: КП-3 | G8: КП-1 | H8: КП-2 | I8: КП-3 | J8: КП-1 | K8: КП-2 | L8: КП-3 | M8: КП-1 | N8: КП-2 | O8: КП-3 | P8: КП-1 | Q8: КП-2 | R8: КП-3 | S8: КП-1 | T8: КП-2 | U8: КП-3 | V8: КП-1 | W8: КП-2 | X8: КП-3 | Y8: КП-1 | Z8: КП-2 | AA8: КП-3 | AB8: КП-1 | AC8: КП-2 | AD8: КП-3 | AE8: КП-1 | AF8: КП-2 | AG8: КП-3 | AH8: КП-1 | AI8: КП-2 | AJ8: КП-3 | AK8: КП-1 | AL8: КП-2 | AM8: КП-3 | AN8: КП-1 | AO8: КП-2 | AP8: КП-3 | AQ8: КП-1 | AR8: КП-2 | AS8: КП-3 | AT8: КП-1 | AU8: КП-2 | AV8: КП-3 | AW8: КП-1 | AX8: КП-2 | AY8: КП-3 | AZ8: КП-1 | BA8: КП-2 | BB8: КП-3 | BC8: КП-1 | BD8: КП-2 | BE8: КП-3 | BF8: КП-1 | BG8: КП-2 | BH8: КП-3 | BI8: КП-1 | BJ8: КП-2 | BK8: КП-3 | BL8: КП-1 | BM8: КП-2 | BN8: КП-3 | BO8: КП-1 | BP8: КП-2 | BQ8: КП-3 | BR8: КП-1 | BS8: КП-2 | BT8: КП-3 | BU8: КП-1 | BV8: КП-2 | BW8: КП-3 | BX8: КП-1 | BY8: КП-2 | BZ8: КП-3 | CA8: КП-1 | CB8: КП-2 | CC8: КП-3 | CD8: КП-1 | CE8: КП-2 | CF8: КП-3 | CG8: КП-1 | CH8: КП-2 | CI8: КП-3 | CJ8: КП-1 | CK8: КП-2 | CL8: КП-3 | CM8: КП-1 | CN8: КП-2 | CO8: КП-3 | CP8: КП-1 | CQ8: КП-2 | CR8: КП-3 | CS8: КП-1 | CT8: КП-2 | CU8: КП-3 | CV8: КП-1 | CW8: КП-2 | CX8: КП-3 | CY8: КП-1 | CZ8: КП-2 | DA8: КП-3 | DB8: КП-1 | DC8: КП-2 | DD8: КП-3 | DE8: КП-1 | DF8: КП-2 | DG8: КП-3
B9: ВЭУ-2 | C9: 1 | D9: 1 | E9: 1 | F9: 1 | G9: 1 | H9: 1 | I9: 1 | DH9: =SUM(G9:DG9) -> 3
B10: ВЭУ-6 | C10: 1 | D10: 1 | E10: 1 | F10: 1 | G10: 1 | H10: 1 | I10: 1 | DH10: =SUM(G10:DG10) -> 3
B11: ВЭУ-10 | C11: 1 | D11: 1 | E11: 1 | F11: 1 | J11: 1 | K11: 1 | L11: 1 | DH11: =SUM(G11:DG11) -> 3
B12: ВЭУ-15 | C12: 1 | D12: 1 | E12: 1 | F12: 1 | J12: 1 | K12: 1 | L12: 1 | DH12: =SUM(G12:DG12) -> 3
B13: ВЭУ-18 | C13: 1 | D13: 1 | E13: 1 | F13: 1 | M13: 1 | N13: 1 | O13: 1 | DH13: =SUM(G13:DG13) -> 3
B14: ВЭУ-19 | C14: 1 | D14: 1 | E14: 1 | F14: 1 | M14: 1 | N14: 1 | O14: 1 | DH14: =SUM(G14:DG14) -> 3
B15: ВЭУ-20 | C15: 1 | D15: 1 | E15: 1 | F15: 1 | P15: 1 | Q15: 1 | R15: 1 | DH15: =SUM(G15:DG15) -> 3
B16: ВЭУ-22 | C16: 1 | D16: 1 | E16: 1 | F16: 1 | AZ16: 1 | BA16: 1 | BB16: 1 | DH16: =SUM(G16:DG16) -> 3
B17: ВЭУ-25 | C17: 1 | D17: 1 | E17: 1 | F17: 1 | AZ17: 1 | BA17: 1 | BB17: 1 | DH17: =SUM(G17:DG17) -> 3
B18: ВЭУ-31 | C18: 1 | D18: 1 | E18: 1 | F18: 1 | BC18: 1 | BD18: 1 | BE18: 1 | DH18: =SUM(G18:DG18) -> 3
B19: ВЭУ-37 | C19: 1 | D19: 1 | E19: 1 | F19: 1 | BC19: 1 | BD19: 1 | BE19: 1 | DH19: =SUM(G19:DG19) -> 3
B20: ВЭУ-38 | C20: 1 | D20: 1 | E20: 1 | F20: 1 | BF20: 1 | BG20: 1 | BH20: 1 | DH20: =SUM(G20:DG20) -> 3
B21: ВЭУ-42 | C21: 1 | D21: 1 | E21: 1 | F21: 1 | BF21: 1 | BG21: 1 | BH21: 1 | DH21: =SUM(G21:DG21) -> 3
B22: ВЭУ-47 | C22: 1 | D22: 1 | E22: 1 | F22: 1 | BI22: 1 | BJ22: 1 | BK22: 1 | DH22: =SUM(G22:DG22) -> 3
B23: ВЭУ-48 | C23: 1 | D23: 1 | E23: 1 | F23: 1 | BI23: 1 | BJ23: 1 | BK23: 1 | DH23: =SUM(G23:DG23) -> 3
B24: ВЭУ-51 | C24: 1 | D24: 1 | E24: 1 | F24: 1 | BL24: 1 | BM24: 1 | BN24: 1 | DH24: =SUM(G24:DG24) -> 3
B25: ИТОГО | C25: =SUM(C9:C24) -> 16 | D25: =SUM(D9:D24) -> 16 | E25: =SUM(E9:E24) -> 16 | F25: =SUM(F9:F24) -> 16 | G25: =SUM(G9:G24) -> 2 | H25: =SUM(H9:H24) -> 2 | I25: =SUM(I9:I24) -> 2 | J25: =SUM(J9:J24) -> 2 | ... DH25: =SUM(DH9:DH24) -> 48
B26: АНКЕРНЫЕ БНС | D26: ПЛАН | G26: ДАТА ПОСТАВКИ | DH26: ИТОГО
G27: 46174 | CS27: 46204
D28: Кол-во каркасов | G28: 01 | J28: 02 | M28: 03 | P28: 04 | S28: 05 | V28: 06 | Y28: 07 | AB28: 08 | AE28: 09 | AH28: 10 | AK28: 11 | AN28: 12 | AQ28: 13 | AT28: 14 | AW28: 15 | AZ28: 16 | BC28: 17 | BF28: 18 | BI28: 19 | BL28: 20 | BO28: 21 | BR28: 22 | BU28: 23 | BX28: 24 | CA28: 25 | CD28: 26 | CG28: 27 | CJ28: 28 | CM28: 29 | CP28: 30 | CS28: 01 | CV28: 02 | CY28: 03 | DB28: 04 | DE28: 05
B29: №ВЭУ | C29: кол-во свай | D29: КП-1 | E29: КП-2 | F29: КП-3 | G29: КП-1 | H29: КП-2 | I29: КП-3 | J29: КП-1 | K29: КП-2 | L29: КП-3 | M29: КП-1 | N29: КП-2 | O29: КП-3 | P29: КП-1 | Q29: КП-2 | R29: КП-3 | S29: КП-1 | T29: КП-2 | U29: КП-3 | V29: КП-1 | W29: КП-2 | X29: КП-3 | Y29: КП-1 | Z29: КП-2 | AA29: КП-3 | AB29: КП-1 | AC29: КП-2 | AD29: КП-3 | AE29: КП-1 | AF29: КП-2 | AG29: КП-3 | AH29: КП-1 | AI29: КП-2 | AJ29: КП-3 | AK29: КП-1 | AL29: КП-2 | AM29: КП-3 | AN29: КП-1 | AO29: КП-2 | AP29: КП-3 | AQ29: КП-1 | AR29: КП-2 | AS29: КП-3 | AT29: КП-1 | AU29: КП-2 | AV29: КП-3 | AW29: КП-1 | AX29: КП-2 | AY29: КП-3 | AZ29: КП-1 | BA29: КП-2 | BB29: КП-3 | BC29: КП-1 | BD29: КП-2 | BE29: КП-3 | BF29: КП-1 | BG29: КП-2 | BH29: КП-3 | BI29: КП-1 | BJ29: КП-2 | BK29: КП-3 | BL29: КП-1 | BM29: КП-2 | BN29: КП-3 | BO29: КП-1 | BP29: КП-2 | BQ29: КП-3 | BR29: КП-1 | BS29: КП-2 | BT29: КП-3 | BU29: КП-1 | BV29: КП-2 | BW29: КП-3 | BX29: КП-1 | BY29: КП-2 | BZ29: КП-3 | CA29: КП-1 | CB29: КП-2 | CC29: КП-3 | CD29: КП-1 | CE29: КП-2 | CF29: КП-3 | CG29: КП-1 | CH29: КП-2 | CI29: КП-3 | CJ29: КП-1 | CK29: КП-2 | CL29: КП-3 | CM29: КП-1 | CN29: КП-2 | CO29: КП-3 | CP29: КП-1 | CQ29: КП-2 | CR29: КП-3 | CS29: КП-1 | CT29: КП-2 | CU29: КП-3 | CV29: КП-1 | CW29: КП-2 | CX29: КП-3 | CY29: КП-1 | CZ29: КП-2 | DA29: КП-3 | DB29: КП-1 | DC29: КП-2 | DD29: КП-3 | DE29: КП-1 | DF29: КП-2 | DG29: КП-3
B30: ВЭУ-2 | C30: 2 | D30: 2 | E30: 2 | F30: 2 | G30: 2 | H30: 2 | I30: 2 | DH30: =SUM(G30:DG30) -> 6
B31: ВЭУ-6 | C31: 2 | D31: 2 | E31: 2 | F31: 2 | G31: 2 | H31: 2 | I31: 2 | DH31: =SUM(G31:DG31) -> 6
B32: ВЭУ-10 | C32: 2 | D32: 2 | E32: 2 | F32: 2 | J32: 2 | K32: 2 | L32: 2 | DH32: =SUM(G32:DG32) -> 6
B33: ВЭУ-15 | C33: 2 | D33: 2 | E33: 2 | F33: 2 | J33: 2 | K33: 2 | L33: 2 | DH33: =SUM(G33:DG33) -> 6
B34: ВЭУ-18 | C34: 2 | D34: 2 | E34: 2 | F34: 2 | M34: 2 | N34: 2 | O34: 2 | DH34: =SUM(G34:DG34) -> 6
B35: ВЭУ-19 | C35: 2 | D35: 2 | E35: 2 | F35: 2 | M35: 2 | N35: 2 | O35: 2 | DH35: =SUM(G35:DG35) -> 6
B36: ВЭУ-20 | C36: 2 | D36: 2 | E36: 2 | F36: 2 | P36: 2 | Q36: 2 | R36: 2 | DH36: =SUM(G36:DG36) -> 6
B37: ВЭУ-22 | C37: 2 | D37: 2 | E37: 2 | F37: 2 | AZ37: 2 | BA37: 2 | BB37: 2 | DH37: =SUM(G37:DG37) -> 6
B38: ВЭУ-25 | C38: 2 | D38: 2 | E38: 2 | F38: 2 | AZ38: 2 | BA38: 2 | BB38: 2 | DH38: =SUM(G38:DG38) -> 6
B39: ВЭУ-31 | C39: 2 | D39: 2 | E39: 2 | F39: 2 | BC39: 2 | BD39: 2 | BE39: 2 | DH39: =SUM(G39:DG39) -> 6
B40: ВЭУ-37 | C40: 2 | D40: 2 | E40: 2 | F40: 2 | BC40: 2 | BD40: 2 | BE40: 2 | DH40: =SUM(G40:DG40) -> 6
B41: ВЭУ-38 | C41: 2 | D41: 2 | E41: 2 | F41: 2 | BF41: 2 | BG41: 2 | BH41: 2 | DH41: =SUM(G41:DG41) -> 6
B42: ВЭУ-42 | C42: 2 | D42: 2 | E42: 2 | F42: 2 | BF42: 2 | BG42: 2 | BH42: 2 | DH42: =SUM(G42:DG42) -> 6
B43: ВЭУ-47 | C43: 2 | D43: 2 | E43: 2 | F43: 2 | BI43: 2 | BJ43: 2 | BK43: 2 | DH43: =SUM(G43:DG43) -> 6
B44: ВЭУ-48 | C44: 2 | D44: 2 | E44: 2 | F44: 2 | BI44: 2 | BJ44: 2 | BK44: 2 | DH44: =SUM(G44:DG44) -> 6
B45: ВЭУ-51 | C45: 2 | D45: 2 | E45: 2 | F45: 2 | BL45: 2 | BM45: 2 | BN45: 2 | DH45: =SUM(G45:DG45) -> 6
B46: ИТОГО | C46: =SUM(C30:C45) -> 32 | D46: =SUM(D30:D45) -> 32 | E46: =SUM(E30:E45) -> 32 | F46: =SUM(F30:F45) -> 32 | G46: =SUM(G30:G45) -> 4 | H46: =SUM(H30:H45) -> 4 | I46: =SUM(I30:I45) -> 4 | J46: =SUM(J30:J45) -> 4 | ... DH46: =SUM(DH30:DH45) -> 96
B47: ОСНОВНЫЕ | D47: ПЛАН | G47: ДАТА ПОСТАВКИ | DH47: ИТОГО
G48: 46174 | CS48: 46204
D49: Кол-во каркасов | G49: 01 | J49: 02 | M49: 03 | P49: 04 | S49: 05 | V49: 06 | Y49: 07 | AB49: 08 | AE49: 09 | AH49: 10 | AK49: 11 | AN49: 12 | AQ49: 13 | AT49: 14 | AW49: 15 | AZ49: 16 | BC49: 17 | BF49: 18 | BI49: 19 | BL49: 20 | BO49: 21 | BR49: 22 | BU49: 23 | BX49: 24 | CA49: 25 | CD49: 26 | CG49: 27 | CJ49: 28 | CM49: 29 | CP49: 30 | CS49: 01 | CV49: 02 | CY49: 03 | DB49: 04 | DE49: 05
B50: №ВЭУ | C50: кол-во свай | D50: КП-1 | E50: КП-2 | F50: КП-3 | G50: КП-1 | H50: КП-2 | I50: КП-3 | J50: КП-1 | K50: КП-2 | L50: КП-3 | M50: КП-1 | N50: КП-2 | O50: КП-3 | P50: КП-1 | Q50: КП-2 | R50: КП-3 | S50: КП-1 | T50: КП-2 | U50: КП-3 | V50: КП-1 | W50: КП-2 | X50: КП-3 | Y50: КП-1 | Z50: КП-2 | AA50: КП-3 | AB50: КП-1 | AC50: КП-2 | AD50: КП-3 | AE50: КП-1 | AF50: КП-2 | AG50: КП-3 | AH50: КП-1 | AI50: КП-2 | AJ50: КП-3 | AK50: КП-1 | AL50: КП-2 | AM50: КП-3 | AN50: КП-1 | AO50: КП-2 | AP50: КП-3 | AQ50: КП-1 | AR50: КП-2 | AS50: КП-3 | AT50: КП-1 | AU50: КП-2 | AV50: КП-3 | AW50: КП-1 | AX50: КП-2 | AY50: КП-3 | AZ50: КП-1 | BA50: КП-2 | BB50: КП-3 | BC50: КП-1 | BD50: КП-2 | BE50: КП-3 | BF50: КП-1 | BG50: КП-2 | BH50: КП-3 | BI50: КП-1 | BJ50: КП-2 | BK50: КП-3 | BL50: КП-1 | BM50: КП-2 | BN50: КП-3 | BO50: КП-1 | BP50: КП-2 | BQ50: КП-3 | BR50: КП-1 | BS50: КП-2 | BT50: КП-3 | BU50: КП-1 | BV50: КП-2 | BW50: КП-3 | BX50: КП-1 | BY50: КП-2 | BZ50: КП-3 | CA50: КП-1 | CB50: КП-2 | CC50: КП-3 | CD50: КП-1 | CE50: КП-2 | CF50: КП-3 | CG50: КП-1 | CH50: КП-2 | CI50: КП-3 | CJ50: КП-1 | CK50: КП-2 | CL50: КП-3 | CM50: КП-1 | CN50: КП-2 | CO50: КП-3 | CP50: КП-1 | CQ50: КП-2 | CR50: КП-3 | CS50: КП-1 | CT50: КП-2 | CU50: КП-3 | CV50: КП-1 | CW50: КП-2 | CX50: КП-3 | CY50: КП-1 | CZ50: КП-2 | DA50: КП-3 | DB50: КП-1 | DC50: КП-2 | DD50: КП-3 | DE50: КП-1 | DF50: КП-2 | DG50: КП-3
B51: ВЭУ-2 | C51: 24 | D51: =C51 -> 24 | E51: =C51 -> 24 | F51: =C51 -> 24 | CG51: 4 | CH51: 4 | CI51: 4 | CJ51: 6 | CK51: 6 | CL51: 6 | CM51: 6 | CN51: 6 | CO51: 6 | CP51: 6 | CQ51: 6 | CR51: 6 | CS51: 2 | CT51: 2 | CU51: 2 | DH51: =SUM(G51:DG51) -> 72
B52: ВЭУ-4 | C52: 24 | D52: =C52 -> 24 | E52: =C52 -> 24 | F52: =C52 -> 24 | CS52: 4 | CT52: 4 | CU52: 4 | CV52: 6 | CW52: 6 | CX52: 6 | CY52: 6 | CZ52: 6 | DA52: 6 | DB52: 6 | DC52: 6 | DD52: 6 | DE52: 2 | DF52: 2 | DG52: 2 | DH52: =SUM(G52:DG52) -> 72
B53: ВЭУ-8 | C53: 24 | D53: =C53 -> 24 | E53: =C53 -> 24 | F53: =C53 -> 24 | BU53: 4 | BV53: 4 | BW53: 4 | BX53: 6 | BY53: 6 | BZ53: 6 | CA53: 6 | CB53: 6 | CC53: 6 | CD53: 6 | CE53: 6 | CF53: 6 | CG53: 2 | CH53: 2 | CI53: 2 | DH53: =SUM(G53:DG53) -> 72
B54: ВЭУ-10 | C54: 24 | D54: =C54 -> 24 | E54: =C54 -> 24 | BL54: 4 | BM54: 4 | BO54: 9 | BP54: 9 | BR54: 9 | BS54: 9 | BU54: 2 | BV54: 2 | DH54: =SUM(G54:DG54) -> 48
B55: ВЭУ-12 | C55: 24 | D55: =C55 -> 24 | E55: =C55 -> 24 | P55: 4 | Q55: 4 | S55: 9 | T55: 9 | V55: 9 | W55: 9 | Y55: 2 | Z55: 2 | DH55: =SUM(G55:DG55) -> 48
B56: ВЭУ-14 | C56: 24 | D56: =C56 -> 24 | E56: =C56 -> 24 | Y56: 7 | Z56: 7 | AB56: 9 | AC56: 9 | AE56: 8 | AF56: 8 | DH56: =SUM(G56:DG56) -> 48
B57: ВЭУ-16 | C57: 24 | D57: =C57 -> 24 | E57: =C57 -> 24 | AE57: 1 | AF57: 1 | AH57: 6 | AI57: 6 | AK57: 9 | AL57: 9 | AN57: 8 | AO57: 8 | DH57: =SUM(G57:DG57) -> 48
B58: ВЭУ-18 | C58: 24 | D58: =C58 -> 24 | E58: =C58 -> 24 | AN58: 1 | AO58: 1 | AQ58: 9 | AR58: 9 | AT58: 9 | AU58: 9 | AW58: 5 | AX58: 5 | DH58: =SUM(G58:DG58) -> 48
B59: ИТОГО | C59: =SUM(C51:C58) -> 192 | D59: =SUM(D51:D58) -> 192 | E59: =SUM(E51:E58) -> 192 | F59: =SUM(F51:F58) -> 72 | G59: =SUM(G51:G58) -> 0 | H59: =SUM(H51:H58) -> 0 | I59: =SUM(I51:I58) -> 0 | J59: =SUM(J51:J58) -> 0 | ... DH59: =SUM(DH51:DH58) -> 456
B60: Итого поставка штук в сутки | G60: =SUM(G59:I59,G46:I46,G25:I25) -> 18 | J60: =SUM(J59:L59,J46:L46,J25:L25) -> 18 | M60: =SUM(M59:O59,M46:O46,M25:O25) -> 18 | P60: =SUM(P59:R59,P46:R46,P25:R25) -> 17 | S60: =SUM(S59:U59,S46:U46,S25:U25) -> 18 | V60: =SUM(V59:X59,V46:X46,V25:X25) -> 18 | Y60: =SUM(Y59:AA59,Y46:AA46,Y25:AA25) -> 18 | AB60: =SUM(AB59:AD59,AB46:AD46,AB25:AD25) -> 18 | AE60: =SUM(AE59:AG59,AE46:AG46,AE25:AG25) -> 18 | AH60: =SUM(AH59:AJ59,AH46:AJ46,AH25:AJ25) -> 12 | AK60: =SUM(AK59:AM59,AK46:AM46,AK25:AM25) -> 18 | AN60: =SUM(AN59:AP59,AN46:AP46,AN25:AP25) -> 18 | AQ60: =SUM(AQ59:AS59,AQ46:AS46,AQ25:AS25) -> 18 | AT60: =SUM(AT59:AV59,AT46:AV46,AT25:AV25) -> 18 | AW60: =SUM(AW59:AY59,AW46:AY46,AW25:AY25) -> 10 | AZ60: =SUM(AZ59:BB59,AZ46:BB46,AZ25:BB25) -> 18 | BC60: =SUM(BC59:BE59,BC46:BE46,BC25:BE25) -> 18 | BF60: =SUM(BF59:BH59,BF46:BH46,BF25:BH25) -> 18 | BI60: =SUM(BI59:BK59,BI46:BK46,BI25:BK25) -> 18 | BL60: =SUM(BL59:BN59,BL46:BN46,BL25:BN25) -> 17 | BO60: =SUM(BO59:BQ59,BO46:BQ46,BO25:BQ25) -> 18 | BR60: =SUM(BR59:BT59,BR46:BT46,BR25:BT25) -> 18 | BU60: =SUM(BU59:BW59,BU46:BW46,BU25:BW25) -> 16 | BX60: =SUM(BX59:BZ59,BX46:BZ46,BX25:BZ25) -> 18 | CA60: =SUM(CA59:CC59,CA46:CC46,CA25:CC25) -> 18 | CD60: =SUM(CD59:CF59,CD46:CF46,CD25:CF25) -> 18 | CG60: =SUM(CG59:CI59,CG46:CI46,CG25:CI25) -> 18 | CJ60: =SUM(CJ59:CL59,CJ46:CL46,CJ25:CL25) -> 18 | CM60: =SUM(CM59:CO59,CM46:CO46,CM25:CO25) -> 18 | CP60: =SUM(CP59:CR59,CP46:CR46,CP25:CR25) -> 18 | CS60: =SUM(CS59:CU59,CS46:CU46,CS25:CU25) -> 18 | CV60: =SUM(CV59:CX59,CV46:CX46,CV25:CX25) -> 18 | CY60: =SUM(CY59:DA59,CY46:DA46,CY25:DA25) -> 18 | DB60: =SUM(DB59:DD59,DB46:DD46,DB25:DD25) -> 18 | DE60: =SUM(DE59:DG59,DE46:DG46,DE25:DG25) -> 6 | DH60: =DH59+DH25+DH46 -> 600

Sheet ИД Основные сваи
A1: №ВЭУ | C1: № сваи | D1: Дата заливки | E1: АОСР | F1: Статус ИД (АОСР) | G1: Статус - Залито/Не залито
A2: ВЭУ-1 | B2: ВЭУ-1 | C2: 1 | D2: =IF('1'!E5="","",'1'!E5) | E2: Комплект | G2: =IF(OR(D2="", D2=0, ISBLANK(D2)), "Не залито", "Залито") -> Не залито
A3: ВЭУ-1 | C3: 2 | D3: =IF('1'!E6="","",'1'!E6) | E3: Комплект | G3: =IF(OR(D3="", D3=0, ISBLANK(D3)), "Не залито", "Залито") -> Не залито
A4: ВЭУ-1 | C4: 3 | D4: =IF('1'!E7="","",'1'!E7) | E4: Комплект | G4: =IF(OR(D4="", D4=0, ISBLANK(D4)), "Не залито", "Залито") -> Не залито
A5: ВЭУ-1 | C5: 4 | D5: =IF('1'!E8="","",'1'!E8) | E5: Комплект | G5: =IF(OR(D5="", D5=0, ISBLANK(D5)), "Не залито", "Залито") -> Не залито
A6: ВЭУ-1 | C6: 5 | D6: =IF('1'!E9="","",'1'!E9) | E6: Комплект | G6: =IF(OR(D6="", D6=0, ISBLANK(D6)), "Не залито", "Залито") -> Не залито
A7: ВЭУ-1 | C7: 6 | D7: =IF('1'!E10="","",'1'!E10) | E7: Комплект | G7: =IF(OR(D7="", D7=0, ISBLANK(D7)), "Не залито", "Залито") -> Не залито
A8: ВЭУ-1 | C8: 7 | D8: =IF('1'!E11="","",'1'!E11) | E8: Комплект | G8: =IF(OR(D8="", D8=0, ISBLANK(D8)), "Не залито", "Залито") -> Не залито
A9: ВЭУ-1 | C9: 8 | D9: =IF('1'!E12="","",'1'!E12) | E9: Комплект | G9: =IF(OR(D9="", D9=0, ISBLANK(D9)), "Не залито", "Залито") -> Не залито
A10: ВЭУ-1 | C10: 9 | D10: =IF('1'!E13="","",'1'!E13) | E10: Комплект | G10: =IF(OR(D10="", D10=0, ISBLANK(D10)), "Не залито", "Залито") -> Не залито
A11: ВЭУ-1 | C11: 10 | D11: =IF('1'!E14="","",'1'!E14) | E11: Комплект | G11: =IF(OR(D11="", D11=0, ISBLANK(D11)), "Не залито", "Залито") -> Не залито
A12: ВЭУ-1 | C12: 11 | D12: =IF('1'!E15="","",'1'!E15) | E12: Комплект | G12: =IF(OR(D12="", D12=0, ISBLANK(D12)), "Не залито", "Залито") -> Не залито
A13: ВЭУ-1 | C13: 12 | D13: =IF('1'!E16="","",'1'!E16) | E13: Комплект | G13: =IF(OR(D13="", D13=0, ISBLANK(D13)), "Не залито", "Залито") -> Не залито
A14: ВЭУ-1 | C14: 13 | D14: =IF('1'!E17="","",'1'!E17) | E14: Комплект | G14: =IF(OR(D14="", D14=0, ISBLANK(D14)), "Не залито", "Залито") -> Не залито
... A25: ВЭУ-1 | C25: 24 | D25: =IF('1'!E28="","",'1'!E28) | E25: Комплект | G25: =IF(OR(D25="", D25=0, ISBLANK(D25)), "Не залито", "Залито") -> Не залито
A26: ВЭУ-2 | B26: ВЭУ-2 | C26: 1 | D26: =IF('2'!E5="","",'2'!E5) | E26: Комплект | G26: =IF(OR(D26="", D26=0, ISBLANK(D26)), "Не залито", "Залито") -> Не залито
A27: ВЭУ-2 | C27: 2 | D27: =IF('2'!E6="","",'2'!E6) -> 46253 | E27: Комплект | G27: =IF(OR(D27="", D27=0, ISBLANK(D27)), "Не залито", "Залито") -> Залито
A28: ВЭУ-2 | C28: 3 | D28: =IF('2'!E7="","",'2'!E7) -> 46252 | E28: Комплект | G28: =IF(OR(D28="", D28=0, ISBLANK(D28)), "Не залито", "Залито") -> Залито
A29: ВЭУ-2 | C29: 4 | D29: =IF('2'!E8="","",'2'!E8) -> 46248 | E29: Комплект | G29: =IF(OR(D29="", D29=0, ISBLANK(D29)), "Не залито", "Залито") -> Залито
A30: ВЭУ-2 | C30: 5 | D30: =IF('2'!E9="","",'2'!E9) -> 46251 | E30: Комплект | G30: =IF(OR(D30="", D30=0, ISBLANK(D30)), "Не залито", "Залито") -> Залито
A31: ВЭУ-2 | C31: 6 | D31: =IF('2'!E10="","",'2'!E10) -> 46247 | E31: Комплект | G31: =IF(OR(D31="", D31=0, ISBLANK(D31)), "Не залито", "Залито") -> Залито
A32: ВЭУ-2 | C32: 7 | D32: =IF('2'!E11="","",'2'!E11) -> 46250 | E32: Комплект | G32: =IF(OR(D32="", D32=0, ISBLANK(D32)), "Не залито", "Залито") -> Залито
A33: ВЭУ-2 | C33: 8 | D33: =IF('2'!E12="","",'2'!E12) -> 46247 | E33: Комплект | G33: =IF(OR(D33="", D33=0, ISBLANK(D33)), "Не залито", "Залито") -> Залито
A34: ВЭУ-2 | C34: 9 | D34: =IF('2'!E13="","",'2'!E13) -> 46250 | E34: Комплект | G34: =IF(OR(D34="", D34=0, ISBLANK(D34)), "Не залито", "Залито") -> Залито
A35: ВЭУ-2 | C35: 10 | D35: =IF('2'!E14="","",'2'!E14) -> 46246 | E35: Комплект | G35: =IF(OR(D35="", D35=0, ISBLANK(D35)), "Не залито", "Залито") -> Залито
A36: ВЭУ-2 | C36: 11 | D36: =IF('2'!E15="","",'2'!E15) -> 46250 | E36: Комплект | G36: =IF(OR(D36="", D36=0, ISBLANK(D36)), "Не залито", "Залито") -> Залито
A37: ВЭУ-2 | C37: 12 | D37: =IF('2'!E16="","",'2'!E16) -> 46246 | E37: Комплект | G37: =IF(OR(D37="", D37=0, ISBLANK(D37)), "Не залито", "Залито") -> Залито
A38: ВЭУ-2 | C38: 13 | D38: =IF('2'!E17="","",'2'!E17) -> 46250 | E38: Комплект | G38: =IF(OR(D38="", D38=0, ISBLANK(D38)), "Не залито", "Залито") -> Залито
... A49: ВЭУ-2 | C49: 24 | D49: =IF('2'!E28="","",'2'!E28) -> 46253 | E49: Комплект | G49: =IF(OR(D49="", D49=0, ISBLANK(D49)), "Не залито", "Залито") -> Залито
A50: ВЭУ-3 | B50: ВЭУ-3 | C50: 1 | D50: =IF('3'!E5="","",'3'!E5) -> 46248 | E50: Комплект | G50: =IF(OR(D50="", D50=0, ISBLANK(D50)), "Не залито", "Залито") -> Залито
A51: ВЭУ-3 | C51: 2 | D51: =IF('3'!E6="","",'3'!E6) -> 46250 | E51: Комплект | G51: =IF(OR(D51="", D51=0, ISBLANK(D51)), "Не залито", "Залито") -> Залито
A52: ВЭУ-3 | C52: 3 | D52: =IF('3'!E7="","",'3'!E7) -> 46246 | E52: Комплект | G52: =IF(OR(D52="", D52=0, ISBLANK(D52)), "Не залито", "Залито") -> Залито
A53: ВЭУ-3 | C53: 4 | D53: =IF('3'!E8="","",'3'!E8) -> 46239 | E53: Комплект | G53: =IF(OR(D53="", D53=0, ISBLANK(D53)), "Не залито", "Залито") -> Залито
A54: ВЭУ-3 | C54: 5 | D54: =IF('3'!E9="","",'3'!E9) -> 46247 | E54: Комплект | G54: =IF(OR(D54="", D54=0, ISBLANK(D54)), "Не залито", "Залито") -> Залито
A55: ВЭУ-3 | C55: 6 | D55: =IF('3'!E10="","",'3'!E10) -> 46249 | E55: Комплект | G55: =IF(OR(D55="", D55=0, ISBLANK(D55)), "Не залито", "Залито") -> Залито
A56: ВЭУ-3 | C56: 7 | D56: =IF('3'!E11="","",'3'!E11) -> 46244 | E56: Комплект | G56: =IF(OR(D56="", D56=0, ISBLANK(D56)), "Не залито", "Залито") -> Залито
A57: ВЭУ-3 | C57: 8 | D57: =IF('3'!E12="","",'3'!E12) -> 46248 | E57: Комплект | G57: =IF(OR(D57="", D57=0, ISBLANK(D57)), "Не залито", "Залито") -> Залито
A58: ВЭУ-3 | C58: 9 | D58: =IF('3'!E13="","",'3'!E13) -> 46241 | E58: Комплект | G58: =IF(OR(D58="", D58=0, ISBLANK(D58)), "Не залито", "Залито") -> Залито
A59: ВЭУ-3 | C59: 10 | D59: =IF('3'!E14="","",'3'!E14) -> 46237 | E59: Комплект | G59: =IF(OR(D59="", D59=0, ISBLANK(D59)), "Не залито", "Залито") -> Залито
A60: ВЭУ-3 | C60: 11 | D60: =IF('3'!E15="","",'3'!E15) -> 46240 | E60: Комплект | G60: =IF(OR(D60="", D60=0, ISBLANK(D60)), "Не залито", "Залито") -> Залито
A61: ВЭУ-3 | C61: 12 | D61: =IF('3'!E16="","",'3'!E16) -> 46238 | E61: Комплект | G61: =IF(OR(D61="", D61=0, ISBLANK(D61)), "Не залито", "Залито") -> Залито
A62: ВЭУ-3 | C62: 13 | D62: =IF('3'!E17="","",'3'!E17) -> 46239 | E62: Комплект | G62: =IF(OR(D62="", D62=0, ISBLANK(D62)), "Не залито", "Залито") -> Залито
... A73: ВЭУ-3 | C73: 24 | D73: =IF('3'!E28="","",'3'!E28) -> 46250 | E73: Комплект | G73: =IF(OR(D73="", D73=0, ISBLANK(D73)), "Не залито", "Залито") -> Залито
A74: ВЭУ-4 | B74: ВЭУ-4 | C74: 1 | D74: =IF('4'!E5="","",'4'!E5) | E74: Комплект | G74: =IF(OR(D74="", D74=0, ISBLANK(D74)), "Не залито", "Залито") -> Не залито
A75: ВЭУ-4 | C75: 2 | D75: =IF('4'!E6="","",'4'!E6) | E75: Комплект | G75: =IF(OR(D75="", D75=0, ISBLANK(D75)), "Не залито", "Залито") -> Не залито
A76: ВЭУ-4 | C76: 3 | D76: =IF('4'!E7="","",'4'!E7) | E76: Комплект | G76: =IF(OR(D76="", D76=0, ISBLANK(D76)), "Не залито", "Залито") -> Не залито
A77: ВЭУ-4 | C77: 4 | D77: =IF('4'!E8="","",'4'!E8) | E77: Комплект | G77: =IF(OR(D77="", D77=0, ISBLANK(D77)), "Не залито", "Залито") -> Не залито
A78: ВЭУ-4 | C78: 5 | D78: =IF('4'!E9="","",'4'!E9) | E78: Комплект | G78: =IF(OR(D78="", D78=0, ISBLANK(D78)), "Не залито", "Залито") -> Не залито
A79: ВЭУ-4 | C79: 6 | D79: =IF('4'!E10="","",'4'!E10) | E79: Комплект | G79: =IF(OR(D79="", D79=0, ISBLANK(D79)), "Не залито", "Залито") -> Не залито
A80: ВЭУ-4 | C80: 7 | D80: =IF('4'!E11="","",'4'!E11) | E80: Комплект | G80: =IF(OR(D80="", D80=0, ISBLANK(D80)), "Не залито", "Залито") -> Не залито
A81: ВЭУ-4 | C81: 8 | D81: =IF('4'!E12="","",'4'!E12) | E81: Комплект | G81: =IF(OR(D81="", D81=0, ISBLANK(D81)), "Не залито", "Залито") -> Не залито
A82: ВЭУ-4 | C82: 9 | D82: =IF('4'!E13="","",'4'!E13) | E82: Комплект | G82: =IF(OR(D82="", D82=0, ISBLANK(D82)), "Не залито", "Залито") -> Не залито
A83: ВЭУ-4 | C83: 10 | D83: =IF('4'!E14="","",'4'!E14) | E83: Комплект | G83: =IF(OR(D83="", D83=0, ISBLANK(D83)), "Не залито", "Залито") -> Не залито
A84: ВЭУ-4 | C84: 11 | D84: =IF('4'!E15="","",'4'!E15) | E84: Комплект | G84: =IF(OR(D84="", D84=0, ISBLANK(D84)), "Не залито", "Залито") -> Не залито
A85: ВЭУ-4 | C85: 12 | D85: =IF('4'!E16="","",'4'!E16) | E85: Комплект | G85: =IF(OR(D85="", D85=0, ISBLANK(D85)), "Не залито", "Залито") -> Не залито
A86: ВЭУ-4 | C86: 13 | D86: =IF('4'!E17="","",'4'!E17) | E86: Комплект | G86: =IF(OR(D86="", D86=0, ISBLANK(D86)), "Не залито", "Залито") -> Не залито
... A97: ВЭУ-4 | C97: 24 | D97: =IF('4'!E28="","",'4'!E28) | E97: Комплект | G97: =IF(OR(D97="", D97=0, ISBLANK(D97)), "Не залито", "Залито") -> Не залито
A98: ВЭУ-5 | B98: ВЭУ-5 | C98: 1 | D98: =IF('5'!E5="","",'5'!E5) -> 46253 | E98: Комплект | G98: =IF(OR(D98="", D98=0, ISBLANK(D98)), "Не залито", "Залито") -> Залито
A99: ВЭУ-5 | C99: 2 | D99: =IF('5'!E6="","",'5'!E6) | E99: Комплект | G99: =IF(OR(D99="", D99=0, ISBLANK(D99)), "Не залито", "Залито") -> Не залито
A100: ВЭУ-5 | C100: 3 | D100: =IF('5'!E7="","",'5'!E7) | E100: Комплект | G100: =IF(OR(D100="", D100=0, ISBLANK(D100)), "Не залито", "Залито") -> Не залито
A101: ВЭУ-5 | C101: 4 | D101: =IF('5'!E8="","",'5'!E8) | E101: Комплект | G101: =IF(OR(D101="", D101=0, ISBLANK(D101)), "Не залито", "Залито") -> Не залито
A102: ВЭУ-5 | C102: 5 | D102: =IF('5'!E9="","",'5'!E9) -> 46252 | E102: Комплект | G102: =IF(OR(D102="", D102=0, ISBLANK(D102)), "Не залито", "Залито") -> Залито
A103: ВЭУ-5 | C103: 6 | D103: =IF('5'!E10="","",'5'!E10) | E103: Комплект | G103: =IF(OR(D103="", D103=0, ISBLANK(D103)), "Не залито", "Залито") -> Не залито
A104: ВЭУ-5 | C104: 7 | D104: =IF('5'!E11="","",'5'!E11) | E104: Комплект | G104: =IF(OR(D104="", D104=0, ISBLANK(D104)), "Не залито", "Залито") -> Не залито
A105: ВЭУ-5 | C105: 8 | D105: =IF('5'!E12="","",'5'!E12) | E105: Комплект | G105: =IF(OR(D105="", D105=0, ISBLANK(D105)), "Не залито", "Залито") -> Не залито
A106: ВЭУ-5 | C106: 9 | D106: =IF('5'!E13="","",'5'!E13) | E106: Комплект | G106: =IF(OR(D106="", D106=0, ISBLANK(D106)), "Не залито", "Залито") -> Не залито
A107: ВЭУ-5 | C107: 10 | D107: =IF('5'!E14="","",'5'!E14) | E107: Комплект | G107: =IF(OR(D107="", D107=0, ISBLANK(D107)), "Не залито", "Залито") -> Не залито
A108: ВЭУ-5 | C108: 11 | D108: =IF('5'!E15="","",'5'!E15) | E108: Комплект | G108: =IF(OR(D108="", D108=0, ISBLANK(D108)), "Не залито", "Залито") -> Не залито
A109: ВЭУ-5 | C109: 12 | D109: =IF('5'!E16="","",'5'!E16) | E109: Комплект | G109: =IF(OR(D109="", D109=0, ISBLANK(D109)), "Не залито", "Залито") -> Не залито
A110: ВЭУ-5 | C110: 13 | D110: =IF('5'!E17="","",'5'!E17) | E110: Комплект | G110: =IF(OR(D110="", D110=0, ISBLANK(D110)), "Не залито", "Залито") -> Не залито
... A121: ВЭУ-5 | C121: 24 | D121: =IF('5'!E28="","",'5'!E28) | E121: Комплект | G121: =IF(OR(D121="", D121=0, ISBLANK(D121)), "Не залито", "Залито") -> Не залито
A122: ВЭУ-6 | B122: ВЭУ-6 | C122: 1 | D122: =IF('6'!E5="","",'6'!E5) | E122: Комплект | G122: =IF(OR(D122="", D122=0, ISBLANK(D122)), "Не залито", "Залито") -> Не залито
A123: ВЭУ-6 | C123: 2 | D123: =IF('6'!E6="","",'6'!E6) | E123: Комплект | G123: =IF(OR(D123="", D123=0, ISBLANK(D123)), "Не залито", "Залито") -> Не залито
A124: ВЭУ-6 | C124: 3 | D124: =IF('6'!E7="","",'6'!E7) | E124: Комплект | G124: =IF(OR(D124="", D124=0, ISBLANK(D124)), "Не залито", "Залито") -> Не залито
A125: ВЭУ-6 | C125: 4 | D125: =IF('6'!E8="","",'6'!E8) | E125: Комплект | G125: =IF(OR(D125="", D125=0, ISBLANK(D125)), "Не залито", "Залито") -> Не залито
A126: ВЭУ-6 | C126: 5 | D126: =IF('6'!E9="","",'6'!E9) | E126: Комплект | G126: =IF(OR(D126="", D126=0, ISBLANK(D126)), "Не залито", "Залито") -> Не залито
A127: ВЭУ-6 | C127: 6 | D127: =IF('6'!E10="","",'6'!E10) | E127: Комплект | G127: =IF(OR(D127="", D127=0, ISBLANK(D127)), "Не залито", "Залито") -> Не залито
A128: ВЭУ-6 | C128: 7 | D128: =IF('6'!E11="","",'6'!E11) | E128: Комплект | G128: =IF(OR(D128="", D128=0, ISBLANK(D128)), "Не залито", "Залито") -> Не залито
A129: ВЭУ-6 | C129: 8 | D129: =IF('6'!E12="","",'6'!E12) | E129: Комплект | G129: =IF(OR(D129="", D129=0, ISBLANK(D129)), "Не залито", "Залито") -> Не залито
A130: ВЭУ-6 | C130: 9 | D130: =IF('6'!E13="","",'6'!E13) | E130: Комплект | G130: =IF(OR(D130="", D130=0, ISBLANK(D130)), "Не залито", "Залито") -> Не залито
A131: ВЭУ-6 | C131: 10 | D131: =IF('6'!E14="","",'6'!E14) | E131: Комплект | G131: =IF(OR(D131="", D131=0, ISBLANK(D131)), "Не залито", "Залито") -> Не залито
A132: ВЭУ-6 | C132: 11 | D132: =IF('6'!E15="","",'6'!E15) | E132: Комплект | G132: =IF(OR(D132="", D132=0, ISBLANK(D132)), "Не залито", "Залито") -> Не залито
A133: ВЭУ-6 | C133: 12 | D133: =IF('6'!E16="","",'6'!E16) | E133: Комплект | G133: =IF(OR(D133="", D133=0, ISBLANK(D133)), "Не залито", "Залито") -> Не залито
A134: ВЭУ-6 | C134: 13 | D134: =IF('6'!E17="","",'6'!E17) | E134: Комплект | G134: =IF(OR(D134="", D134=0, ISBLANK(D134)), "Не залито", "Залито") -> Не залито
... A145: ВЭУ-6 | C145: 24 | D145: =IF('6'!E28="","",'6'!E28) | E145: Комплект | G145: =IF(OR(D145="", D145=0, ISBLANK(D145)), "Не залито", "Залито") -> Не залито
A146: ВЭУ-7 | B146: ВЭУ-7 | C146: 1 | D146: =IF('7'!E5="","",'7'!E5) -> 46250 | E146: Комплект | G146: =IF(OR(D146="", D146=0, ISBLANK(D146)), "Не залито", "Залито") -> Залито
A147: ВЭУ-7 | C147: 2 | D147: =IF('7'!E6="","",'7'!E6) | E147: Комплект | G147: =IF(OR(D147="", D147=0, ISBLANK(D147)), "Не залито", "Залито") -> Не залито
A148: ВЭУ-7 | C148: 3 | D148: =IF('7'!E7="","",'7'!E7) -> 46245 | E148: Комплект | G148: =IF(OR(D148="", D148=0, ISBLANK(D148)), "Не залито", "Залито") -> Залито
A149: ВЭУ-7 | C149: 4 | D149: =IF('7'!E8="","",'7'!E8) -> 46247 | E149: Комплект | G149: =IF(OR(D149="", D149=0, ISBLANK(D149)), "Не залито", "Залито") -> Залито
A150: ВЭУ-7 | C150: 5 | D150: =IF('7'!E9="","",'7'!E9) -> 46245 | E150: Комплект | G150: =IF(OR(D150="", D150=0, ISBLANK(D150)), "Не залито", "Залито") -> Залито
A151: ВЭУ-7 | C151: 6 | D151: =IF('7'!E10="","",'7'!E10) -> 46247 | E151: Комплект | G151: =IF(OR(D151="", D151=0, ISBLANK(D151)), "Не залито", "Залито") -> Залито
A152: ВЭУ-7 | C152: 7 | D152: =IF('7'!E11="","",'7'!E11) -> 46245 | E152: Комплект | G152: =IF(OR(D152="", D152=0, ISBLANK(D152)), "Не залито", "Залито") -> Залито
A153: ВЭУ-7 | C153: 8 | D153: =IF('7'!E12="","",'7'!E12) -> 46247 | E153: Комплект | G153: =IF(OR(D153="", D153=0, ISBLANK(D153)), "Не залито", "Залито") -> Залито
A154: ВЭУ-7 | C154: 9 | D154: =IF('7'!E13="","",'7'!E13) -> 46244 | E154: Комплект | G154: =IF(OR(D154="", D154=0, ISBLANK(D154)), "Не залито", "Залито") -> Залито
A155: ВЭУ-7 | C155: 10 | D155: =IF('7'!E14="","",'7'!E14) -> 46250 | E155: Комплект | G155: =IF(OR(D155="", D155=0, ISBLANK(D155)), "Не залито", "Залито") -> Залито
A156: ВЭУ-7 | C156: 11 | D156: =IF('7'!E15="","",'7'!E15) -> 46244 | E156: Комплект | G156: =IF(OR(D156="", D156=0, ISBLANK(D156)), "Не залито", "Залито") -> Залито
A157: ВЭУ-7 | C157: 12 | D157: =IF('7'!E16="","",'7'!E16) -> 46250 | E157: Комплект | G157: =IF(OR(D157="", D157=0, ISBLANK(D157)), "Не залито", "Залито") -> Залито
A158: ВЭУ-7 | C158: 13 | D158: =IF('7'!E17="","",'7'!E17) -> 46243 | E158: Комплект | G158: =IF(OR(D158="", D158=0, ISBLANK(D158)), "Не залито", "Залито") -> Залито
... A169: ВЭУ-7 | C169: 24 | D169: =IF('7'!E28="","",'7'!E28) | E169: Комплект | G169: =IF(OR(D169="", D169=0, ISBLANK(D169)), "Не залито", "Залито") -> Не залито
A170: ВЭУ-8 | B170: ВЭУ-8 | C170: 1 | D170: =IF('8'!E5="","",'8'!E5) | E170: Комплект | G170: =IF(OR(D170="", D170=0, ISBLANK(D170)), "Не залито", "Залито") -> Не залито
...

Sheet Геология
A1: №ВЭУ | C1: № сваи | D1: Дата заливки | E1: Фото геологии | F1: Статус ИД
A2: ВЭУ-1 | B2: ВЭУ-1 | C2: 1 | D2: =IF('1'!E5="","",'1'!E5)
A3: ВЭУ-1 | C3: 2 | D3: =IF('1'!E6="","",'1'!E6)
A4: ВЭУ-1 | C4: 3 | D4: =IF('1'!E7="","",'1'!E7)
A5: ВЭУ-1 | C5: 4 | D5: =IF('1'!E8="","",'1'!E8)
A6: ВЭУ-1 | C6: 5 | D6: =IF('1'!E9="","",'1'!E9)
A7: ВЭУ-1 | C7: 6 | D7: =IF('1'!E10="","",'1'!E10)
A8: ВЭУ-1 | C8: 7 | D8: =IF('1'!E11="","",'1'!E11)
A9: ВЭУ-1 | C9: 8 | D9: =IF('1'!E12="","",'1'!E12)
A10: ВЭУ-1 | C10: 9 | D10: =IF('1'!E13="","",'1'!E13)
A11: ВЭУ-1 | C11: 10 | D11: =IF('1'!E14="","",'1'!E14)
A12: ВЭУ-1 | C12: 11 | D12: =IF('1'!E15="","",'1'!E15)
A13: ВЭУ-1 | C13: 12 | D13: =IF('1'!E16="","",'1'!E16)
A14: ВЭУ-1 | C14: 13 | D14: =IF('1'!E17="","",'1'!E17)
... A25: ВЭУ-1 | C25: 24 | D25: =IF('1'!E28="","",'1'!E28)
A26: ВЭУ-2 | B26: ВЭУ-2 | C26: 1 | D26: =IF('2'!E5="","",'2'!E5)
A27: ВЭУ-2 | C27: 2 | D27: =IF('2'!E6="","",'2'!E6) -> 46253
A28: ВЭУ-2 | C28: 3 | D28: =IF('2'!E7="","",'2'!E7) -> 46252
A29: ВЭУ-2 | C29: 4 | D29: =IF('2'!E8="","",'2'!E8) -> 46248
A30: ВЭУ-2 | C30: 5 | D30: =IF('2'!E9="","",'2'!E9) -> 46251
A31: ВЭУ-2 | C31: 6 | D31: =IF('2'!E10="","",'2'!E10) -> 46247
A32: ВЭУ-2 | C32: 7 | D32: =IF('2'!E11="","",'2'!E11) -> 46250
A33: ВЭУ-2 | C33: 8 | D33: =IF('2'!E12="","",'2'!E12) -> 46247
A34: ВЭУ-2 | C34: 9 | D34: =IF('2'!E13="","",'2'!E13) -> 46250
A35: ВЭУ-2 | C35: 10 | D35: =IF('2'!E14="","",'2'!E14) -> 46246
A36: ВЭУ-2 | C36: 11 | D36: =IF('2'!E15="","",'2'!E15) -> 46250
A37: ВЭУ-2 | C37: 12 | D37: =IF('2'!E16="","",'2'!E16) -> 46246
A38: ВЭУ-2 | C38: 13 | D38: =IF('2'!E17="","",'2'!E17) -> 46250
... A49: ВЭУ-2 | C49: 24 | D49: =IF('2'!E28="","",'2'!E28) -> 46253
A50: ВЭУ-3 | B50: ВЭУ-3 | C50: 1 | D50: =IF('3'!E5="","",'3'!E5) -> 46248
A51: ВЭУ-3 | C51: 2 | D51: =IF('3'!E6="","",'3'!E6) -> 46250
A52: ВЭУ-3 | C52: 3 | D52: =IF('3'!E7="","",'3'!E7) -> 46246
A53: ВЭУ-3 | C53: 4 | D53: =IF('3'!E8="","",'3'!E8) -> 46239 | E53: +
A54: ВЭУ-3 | C54: 5 | D54: =IF('3'!E9="","",'3'!E9) -> 46247
A55: ВЭУ-3 | C55: 6 | D55: =IF('3'!E10="","",'3'!E10) -> 46249
A56: ВЭУ-3 | C56: 7 | D56: =IF('3'!E11="","",'3'!E11) -> 46244
A57: ВЭУ-3 | C57: 8 | D57: =IF('3'!E12="","",'3'!E12) -> 46248
A58: ВЭУ-3 | C58: 9 | D58: =IF('3'!E13="","",'3'!E13) -> 46241
A59: ВЭУ-3 | C59: 10 | D59: =IF('3'!E14="","",'3'!E14) -> 46237 | E59: +
A60: ВЭУ-3 | C60: 11 | D60: =IF('3'!E15="","",'3'!E15) -> 46240
A61: ВЭУ-3 | C61: 12 | D61: =IF('3'!E16="","",'3'!E16) -> 46238 | E61: +
A62: ВЭУ-3 | C62: 13 | D62: =IF('3'!E17="","",'3'!E17) -> 46239 | E62: +
A63: ВЭУ-3 | C63: 14 | D63: =IF('3'!E18="","",'3'!E18) -> 46241
A64: ВЭУ-3 | C64: 15 | D64: =IF('3'!E19="","",'3'!E19) -> 46240
A65: ВЭУ-3 | C65: 16 | D65: =IF('3'!E20="","",'3'!E20) -> 46238 | E65: +
A66: ВЭУ-3 | C66: 17 | D66: =IF('3'!E21="","",'3'!E21) -> 46244
A67: ВЭУ-3 | C67: 18 | D67: =IF('3'!E22="","",'3'!E22) -> 46246
A68: ВЭУ-3 | C68: 19 | D68: =IF('3'!E23="","",'3'!E23) -> 46243
A69: ВЭУ-3 | C69: 20 | D69: =IF('3'!E24="","",'3'!E24) -> 46247
A70: ВЭУ-3 | C70: 21 | D70: =IF('3'!E25="","",'3'!E25) -> 46242
A71: ВЭУ-3 | C71: 22 | D71: =IF('3'!E26="","",'3'!E26) -> 46241
A72: ВЭУ-3 | C72: 23 | D72: =IF('3'!E27="","",'3'!E27) -> 46245
A73: ВЭУ-3 | C73: 24 | D73: =IF('3'!E28="","",'3'!E28) -> 46250
A74: ВЭУ-4 | B74: ВЭУ-4 | C74: 1 | D74: =IF('4'!E5="","",'4'!E5)
A75: ВЭУ-4 | C75: 2 | D75: =IF('4'!E6="","",'4'!E6)
A76: ВЭУ-4 | C76: 3 | D76: =IF('4'!E7="","",'4'!E7)
A77: ВЭУ-4 | C77: 4 | D77: =IF('4'!E8="","",'4'!E8)
A78: ВЭУ-4 | C78: 5 | D78: =IF('4'!E9="","",'4'!E9)
A79: ВЭУ-4 | C79: 6 | D79: =IF('4'!E10="","",'4'!E10)
A80: ВЭУ-4 | C80: 7 | D80: =IF('4'!E11="","",'4'!E11)
A81: ВЭУ-4 | C81: 8 | D81: =IF('4'!E12="","",'4'!E12)
A82: ВЭУ-4 | C82: 9 | D82: =IF('4'!E13="","",'4'!E13)
A83: ВЭУ-4 | C83: 10 | D83: =IF('4'!E14="","",'4'!E14)
A84: ВЭУ-4 | C84: 11 | D84: =IF('4'!E15="","",'4'!E15)
A85: ВЭУ-4 | C85: 12 | D85: =IF('4'!E16="","",'4'!E16)
A86: ВЭУ-4 | C86: 13 | D86: =IF('4'!E17="","",'4'!E17)
... A97: ВЭУ-4 | C97: 24 | D97: =IF('4'!E28="","",'4'!E28)
A98: ВЭУ-5 | B98: ВЭУ-5 | C98: 1 | D98: =IF('5'!E5="","",'5'!E5) -> 46253
A99: ВЭУ-5 | C99: 2 | D99: =IF('5'!E6="","",'5'!E6)
A100: ВЭУ-5 | C100: 3 | D100: =IF('5'!E7="","",'5'!E7)
A101: ВЭУ-5 | C101: 4 | D101: =IF('5'!E8="","",'5'!E8)
A102: ВЭУ-5 | C102: 5 | D102: =IF('5'!E9="","",'5'!E9) -> 46252
A103: ВЭУ-5 | C103: 6 | D103: =IF('5'!E10="","",'5'!E10)
A104: ВЭУ-5 | C104: 7 | D104: =IF('5'!E11="","",'5'!E11)
A105: ВЭУ-5 | C105: 8 | D105: =IF('5'!E12="","",'5'!E12)
A106: ВЭУ-5 | C106: 9 | D106: =IF('5'!E13="","",'5'!E13)
A107: ВЭУ-5 | C107: 10 | D107: =IF('5'!E14="","",'5'!E14)
A108: ВЭУ-5 | C108: 11 | D108: =IF('5'!E15="","",'5'!E15)
A109: ВЭУ-5 | C109: 12 | D109: =IF('5'!E16="","",'5'!E16)
A110: ВЭУ-5 | C110: 13 | D110: =IF('5'!E17="","",'5'!E17)
... A121: ВЭУ-5 | C121: 24 | D121: =IF('5'!E28="","",'5'!E28)
A122: ВЭУ-6 | B122: ВЭУ-6 | C122: 1 | D122: =IF('6'!E5="","",'6'!E5)
A123: ВЭУ-6 | C123: 2 | D123: =IF('6'!E6="","",'6'!E6)
A124: ВЭУ-6 | C124: 3 | D124: =IF('6'!E7="","",'6'!E7)
A125: ВЭУ-6 | C125: 4 | D125: =IF('6'!E8="","",'6'!E8)
A126: ВЭУ-6 | C126: 5 | D126: =IF('6'!E9="","",'6'!E9)
A127: ВЭУ-6 | C127: 6 | D127: =IF('6'!E10="","",'6'!E10)
A128: ВЭУ-6 | C128: 7 | D128: =IF('6'!E11="","",'6'!E11)
A129: ВЭУ-6 | C129: 8 | D129: =IF('6'!E12="","",'6'!E12)
A130: ВЭУ-6 | C130: 9 | D130: =IF('6'!E13="","",'6'!E13)
A131: ВЭУ-6 | C131: 10 | D131: =IF('6'!E14="","",'6'!E14)
A132: ВЭУ-6 | C132: 11 | D132: =IF('6'!E15="","",'6'!E15)
A133: ВЭУ-6 | C133: 12 | D133: =IF('6'!E16="","",'6'!E16)
A134: ВЭУ-6 | C134: 13 | D134: =IF('6'!E17="","",'6'!E17)
... A145: ВЭУ-6 | C145: 24 | D145: =IF('6'!E28="","",'6'!E28)
A146: ВЭУ-7 | B146: ВЭУ-7 | C146: 1 | D146: =IF('7'!E5="","",'7'!E5) -> 46250
A147: ВЭУ-7 | C147: 2 | D147: =IF('7'!E6="","",'7'!E6)
A148: ВЭУ-7 | C148: 3 | D148: =IF('7'!E7="","",'7'!E7) -> 46245
A149: ВЭУ-7 | C149: 4 | D149: =IF('7'!E8="","",'7'!E8) -> 46247
A150: ВЭУ-7 | C150: 5 | D150: =IF('7'!E9="","",'7'!E9) -> 46245
...

Sheet Промежуточный акт (Бегунок)
A1: №ВЭУ | C1: № сваи | D1: Дата заливки | E1: Промежуточный акт (Бегунок)
A2: ВЭУ-1 | B2: ВЭУ-1 | C2: 1 | D2: =IF('1'!E5="","",'1'!E5)
A3: ВЭУ-1 | C3: 2 | D3: =IF('1'!E6="","",'1'!E6)
A4: ВЭУ-1 | C4: 3 | D4: =IF('1'!E7="","",'1'!E7)
A5: ВЭУ-1 | C5: 4 | D5: =IF('1'!E8="","",'1'!E8)
A6: ВЭУ-1 | C6: 5 | D6: =IF('1'!E9="","",'1'!E9)
A7: ВЭУ-1 | C7: 6 | D7: =IF('1'!E10="","",'1'!E10)
A8: ВЭУ-1 | C8: 7 | D8: =IF('1'!E11="","",'1'!E11)
A9: ВЭУ-1 | C9: 8 | D9: =IF('1'!E12="","",'1'!E12)
A10: ВЭУ-1 | C10: 9 | D10: =IF('1'!E13="","",'1'!E13)
A11: ВЭУ-1 | C11: 10 | D11: =IF('1'!E14="","",'1'!E14)
A12: ВЭУ-1 | C12: 11 | D12: =IF('1'!E15="","",'1'!E15)
A13: ВЭУ-1 | C13: 12 | D13: =IF('1'!E16="","",'1'!E16)
A14: ВЭУ-1 | C14: 13 | D14: =IF('1'!E17="","",'1'!E17)
... A25: ВЭУ-1 | C25: 24 | D25: =IF('1'!E28="","",'1'!E28)
A26: ВЭУ-2 | B26: ВЭУ-2 | C26: 1 | D26: =IF('2'!E5="","",'2'!E5)
A27: ВЭУ-2 | C27: 2 | D27: =IF('2'!E6="","",'2'!E6) -> 46253
A28: ВЭУ-2 | C28: 3 | D28: =IF('2'!E7="","",'2'!E7) -> 46252
A29: ВЭУ-2 | C29: 4 | D29: =IF('2'!E8="","",'2'!E8) -> 46248
A30: ВЭУ-2 | C30: 5 | D30: =IF('2'!E9="","",'2'!E9) -> 46251
A31: ВЭУ-2 | C31: 6 | D31: =IF('2'!E10="","",'2'!E10) -> 46247
A32: ВЭУ-2 | C32: 7 | D32: =IF('2'!E11="","",'2'!E11) -> 46250
A33: ВЭУ-2 | C33: 8 | D33: =IF('2'!E12="","",'2'!E12) -> 46247
A34: ВЭУ-2 | C34: 9 | D34: =IF('2'!E13="","",'2'!E13) -> 46250
A35: ВЭУ-2 | C35: 10 | D35: =IF('2'!E14="","",'2'!E14) -> 46246
A36: ВЭУ-2 | C36: 11 | D36: =IF('2'!E15="","",'2'!E15) -> 46250
A37: ВЭУ-2 | C37: 12 | D37: =IF('2'!E16="","",'2'!E16) -> 46246
A38: ВЭУ-2 | C38: 13 | D38: =IF('2'!E17="","",'2'!E17) -> 46250
... A49: ВЭУ-2 | C49: 24 | D49: =IF('2'!E28="","",'2'!E28) -> 46253
A50: ВЭУ-3 | B50: ВЭУ-3 | C50: 1 | D50: =IF('3'!E5="","",'3'!E5) -> 46248
A51: ВЭУ-3 | C51: 2 | D51: =IF('3'!E6="","",'3'!E6) -> 46250
A52: ВЭУ-3 | C52: 3 | D52: =IF('3'!E7="","",'3'!E7) -> 46246
A53: ВЭУ-3 | C53: 4 | D53: =IF('3'!E8="","",'3'!E8) -> 46239
A54: ВЭУ-3 | C54: 5 | D54: =IF('3'!E9="","",'3'!E9) -> 46247
A55: ВЭУ-3 | C55: 6 | D55: =IF('3'!E10="","",'3'!E10) -> 46249
A56: ВЭУ-3 | C56: 7 | D56: =IF('3'!E11="","",'3'!E11) -> 46244
A57: ВЭУ-3 | C57: 8 | D57: =IF('3'!E12="","",'3'!E12) -> 46248
A58: ВЭУ-3 | C58: 9 | D58: =IF('3'!E13="","",'3'!E13) -> 46241
A59: ВЭУ-3 | C59: 10 | D59: =IF('3'!E14="","",'3'!E14) -> 46237
A60: ВЭУ-3 | C60: 11 | D60: =IF('3'!E15="","",'3'!E15) -> 46240
A61: ВЭУ-3 | C61: 12 | D61: =IF('3'!E16="","",'3'!E16) -> 46238
A62: ВЭУ-3 | C62: 13 | D62: =IF('3'!E17="","",'3'!E17) -> 46239
... A73: ВЭУ-3 | C73: 24 | D73: =IF('3'!E28="","",'3'!E28) -> 46250
A74: ВЭУ-4 | B74: ВЭУ-4 | C74: 1 | D74: =IF('4'!E5="","",'4'!E5)
A75: ВЭУ-4 | C75: 2 | D75: =IF('4'!E6="","",'4'!E6)
A76: ВЭУ-4 | C76: 3 | D76: =IF('4'!E7="","",'4'!E7)
A77: ВЭУ-4 | C77: 4 | D77: =IF('4'!E8="","",'4'!E8)
A78: ВЭУ-4 | C78: 5 | D78: =IF('4'!E9="","",'4'!E9)
A79: ВЭУ-4 | C79: 6 | D79: =IF('4'!E10="","",'4'!E10)
A80: ВЭУ-4 | C80: 7 | D80: =IF('4'!E11="","",'4'!E11)
A81: ВЭУ-4 | C81: 8 | D81: =IF('4'!E12="","",'4'!E12)
A82: ВЭУ-4 | C82: 9 | D82: =IF('4'!E13="","",'4'!E13)
A83: ВЭУ-4 | C83: 10 | D83: =IF('4'!E14="","",'4'!E14)
A84: ВЭУ-4 | C84: 11 | D84: =IF('4'!E15="","",'4'!E15)
A85: ВЭУ-4 | C85: 12 | D85: =IF('4'!E16="","",'4'!E16)
A86: ВЭУ-4 | C86: 13 | D86: =IF('4'!E17="","",'4'!E17)
... A97: ВЭУ-4 | C97: 24 | D97: =IF('4'!E28="","",'4'!E28)
A98: ВЭУ-5 | B98: ВЭУ-5 | C98: 1 | D98: =IF('5'!E5="","",'5'!E5) -> 46253
A99: ВЭУ-5 | C99: 2 | D99: =IF('5'!E6="","",'5'!E6)
A100: ВЭУ-5 | C100: 3 | D100: =IF('5'!E7="","",'5'!E7)
A101: ВЭУ-5 | C101: 4 | D101: =IF('5'!E8="","",'5'!E8)
A102: ВЭУ-5 | C102: 5 | D102: =IF('5'!E9="","",'5'!E9) -> 46252
A103: ВЭУ-5 | C103: 6 | D103: =IF('5'!E10="","",'5'!E10)
A104: ВЭУ-5 | C104: 7 | D104: =IF('5'!E11="","",'5'!E11)
A105: ВЭУ-5 | C105: 8 | D105: =IF('5'!E12="","",'5'!E12)
A106: ВЭУ-5 | C106: 9 | D106: =IF('5'!E13="","",'5'!E13)
A107: ВЭУ-5 | C107: 10 | D107: =IF('5'!E14="","",'5'!E14)
A108: ВЭУ-5 | C108: 11 | D108: =IF('5'!E15="","",'5'!E15)
A109: ВЭУ-5 | C109: 12 | D109: =IF('5'!E16="","",'5'!E16)
A110: ВЭУ-5 | C110: 13 | D110: =IF('5'!E17="","",'5'!E17)
... A121: ВЭУ-5 | C121: 24 | D121: =IF('5'!E28="","",'5'!E28)
A122: ВЭУ-6 | B122: ВЭУ-6 | C122: 1 | D122: =IF('6'!E5="","",'6'!E5)
A123: ВЭУ-6 | C123: 2 | D123: =IF('6'!E6="","",'6'!E6)
A124: ВЭУ-6 | C124: 3 | D124: =IF('6'!E7="","",'6'!E7)
A125: ВЭУ-6 | C125: 4 | D125: =IF('6'!E8="","",'6'!E8)
A126: ВЭУ-6 | C126: 5 | D126: =IF('6'!E9="","",'6'!E9)
A127: ВЭУ-6 | C127: 6 | D127: =IF('6'!E10="","",'6'!E10)
A128: ВЭУ-6 | C128: 7 | D128: =IF('6'!E11="","",'6'!E11)
A129: ВЭУ-6 | C129: 8 | D129: =IF('6'!E12="","",'6'!E12)
A130: ВЭУ-6 | C130: 9 | D130: =IF('6'!E13="","",'6'!E13)
A131: ВЭУ-6 | C131: 10 | D131: =IF('6'!E14="","",'6'!E14)
A132: ВЭУ-6 | C132: 11 | D132: =IF('6'!E15="","",'6'!E15)
A133: ВЭУ-6 | C133: 12 | D133: =IF('6'!E16="","",'6'!E16)
A134: ВЭУ-6 | C134: 13 | D134: =IF('6'!E17="","",'6'!E17)
... A145: ВЭУ-6 | C145: 24 | D145: =IF('6'!E28="","",'6'!E28)
A146: ВЭУ-7 | B146: ВЭУ-7 | C146: 1 | D146: =IF('7'!E5="","",'7'!E5) -> 46250
A147: ВЭУ-7 | C147: 2 | D147: =IF('7'!E6="","",'7'!E6)
A148: ВЭУ-7 | C148: 3 | D148: =IF('7'!E7="","",'7'!E7) -> 46245
A149: ВЭУ-7 | C149: 4 | D149: =IF('7'!E8="","",'7'!E8) -> 46247
A150: ВЭУ-7 | C150: 5 | D150: =IF('7'!E9="","",'7'!E9) -> 46245
A151: ВЭУ-7 | C151: 6 | D151: =IF('7'!E10="","",'7'!E10) -> 46247
A152: ВЭУ-7 | C152: 7 | D152: =IF('7'!E11="","",'7'!E11) -> 46245
A153: ВЭУ-7 | C153: 8 | D153: =IF('7'!E12="","",'7'!E12) -> 46247
A154: ВЭУ-7 | C154: 9 | D154: =IF('7'!E13="","",'7'!E13) -> 46244
A155: ВЭУ-7 | C155: 10 | D155: =IF('7'!E14="","",'7'!E14) -> 46250
A156: ВЭУ-7 | C156: 11 | D156: =IF('7'!E15="","",'7'!E15) -> 46244
A157: ВЭУ-7 | C157: 12 | D157: =IF('7'!E16="","",'7'!E16) -> 46250
A158: ВЭУ-7 | C158: 13 | D158: =IF('7'!E17="","",'7'!E17) -> 46243
... A169: ВЭУ-7 | C169: 24 | D169: =IF('7'!E28="","",'7'!E28)
A170: ВЭУ-8 | B170: ВЭУ-8 | C170: 1 | D170: =IF('8'!E5="","",'8'!E5)
...

Sheet 1
A1: ОСНОВНЫЕ БНС | C1: м3 (проект) | E1: Дата заливки | F1: ДКБС№ | G1: м3 (ДКБС) | H1: ДКБС№ | I1: м3 (ДКБС) | J1: ДКБС№ | K1: м3 (ДКБС) | L1: ДКБС№ | M1: м3 (ДКБС) | N1: Итого | O1: Разница (Проект-Факт) | P1: 7 суток (Протокол) | Q1: 14 суток (Протокол) | R1: 28 суток (Протокол) | S1: 7 суток (Протокол) Статус | T1: 14 суток (Статус) | U1: 28 суток (Протокол) Статус
A4: №ВЭУ | B4: № сваи
A5: ВЭУ-1 | B5: 1 | C5: 26.27 | N5: =G5+I5+K5+M5 -> 0 | O5: =N5-C5 -> -26.27 | P5: =E5+7 -> 7 | Q5: =E5+14 -> 14 | R5: =E5+28 -> 28
B6: 2 | C6: 26.27 | N6: =G6+I6+K6+M6 -> 0 | O6: =N6-C6 -> -26.27 | P6: =E6+7 -> 7 | Q6: =E6+14 -> 14 | R6: =E6+28 -> 28
B7: 3 | C7: 26.27 | N7: =G7+I7+K7+M7 -> 0 | O7: =N7-C7 -> -26.27 | P7: =E7+7 -> 7 | Q7: =E7+14 -> 14 | R7: =E7+28 -> 28 | U7: -
B8: 4 | C8: 26.27 | N8: =G8+I8+K8+M8 -> 0 | O8: =N8-C8 -> -26.27 | P8: =E8+7 -> 7 | Q8: =E8+14 -> 14 | R8: =E8+28 -> 28
B9: 5 | C9: 26.27 | N9: =G9+I9+K9+M9 -> 0 | O9: =N9-C9 -> -26.27 | P9: =E9+7 -> 7 | Q9: =E9+14 -> 14 | R9: =E9+28 -> 28
B10: 6 | C10: 26.27 | N10: =G10+I10+K10+M10 -> 0 | O10: =N10-C10 -> -26.27 | P10: =E10+7 -> 7 | Q10: =E10+14 -> 14 | R10: =E10+28 -> 28
B11: 7 | C11: 26.27 | N11: =G11+I11+K11+M11 -> 0 | O11: =N11-C11 -> -26.27 | P11: =E11+7 -> 7 | Q11: =E11+14 -> 14 | R11: =E11+28 -> 28
B12: 8 | C12: 26.27 | N12: =G12+I12+K12+M12 -> 0 | O12: =N12-C12 -> -26.27 | P12: =E12+7 -> 7 | Q12: =E12+14 -> 14 | R12: =E12+28 -> 28
B13: 9 | C13: 26.27 | N13: =G13+I13+K13+M13 -> 0 | O13: =N13-C13 -> -26.27 | P13: =E13+7 -> 7 | Q13: =E13+14 -> 14 | R13: =E13+28 -> 28
B14: 10 | C14: 26.27 | N14: =G14+I14+K14+M14 -> 0 | O14: =N14-C14 -> -26.27 | P14: =E14+7 -> 7 | Q14: =E14+14 -> 14 | R14: =E14+28 -> 28
B15: 11 | C15: 26.27 | N15: =G15+I15+K15+M15 -> 0 | O15: =N15-C15 -> -26.27 | P15: =E15+7 -> 7 | Q15: =E15+14 -> 14 | R15: =E15+28 -> 28
B16: 12 | C16: 26.27 | N16: =G16+I16+K16+M16 -> 0 | O16: =N16-C16 -> -26.27 | P16: =E16+7 -> 7 | Q16: =E16+14 -> 14 | R16: =E16+28 -> 28
B17: 13 | C17: 26.27 | N17: =G17+I17+K17+M17 -> 0 | O17: =N17-C17 -> -26.27 | P17: =E17+7 -> 7 | Q17: =E17+14 -> 14 | R17: =E17+28 -> 28
B18: 14 | C18: 26.27 | N18: =G18+I18+K18+M18 -> 0 | O18: =N18-C18 -> -26.27 | P18: =E18+7 -> 7 | Q18: =E18+14 -> 14 | R18: =E18+28 -> 28
B19: 15 | C19: 26.27 | N19: =G19+I19+K19+M19 -> 0 | O19: =N19-C19 -> -26.27 | P19: =E19+7 -> 7 | Q19: =E19+14 -> 14 | R19: =E19+28 -> 28
... B28: 24 | C28: 26.27 | N28: =G28+I28+K28+M28 -> 0 | O28: =N28-C28 -> -26.27 | P28: =E28+7 -> 7 | Q28: =E28+14 -> 14 | R28: =E28+28 -> 28
A29: Итого | C29: =SUM(C5:D28) -> 630.48

Sheet 2
A1: ОСНОВНЫЕ БНС | C1: м3 (проект) | E1: Дата заливки | F1: ДКБС№ | G1: м3 (ДКБС) | H1: ДКБС№ | I1: м3 (ДКБС) | J1: ДКБС№ | K1: м3 (ДКБС) | L1: ДКБС№ | M1: м3 (ДКБС) | N1: Итого | O1: Разница (Проект-Факт) | P1: 7 суток (Протокол) | Q1: 14 суток (Протокол) | R1: 28 суток (Протокол) | S1: 7 суток (Протокол) Статус | T1: 14 суток (Статус) | U1: 28 суток (Протокол) Статус
A4: №ВЭУ | B4: № сваи
A5: ВЭУ-2 | B5: 1 | C5: 27.4 | N5: =G5+I5+K5+M5 -> 0 | O5: =N5-C5 -> -27.4 | P5: =E5+7 -> 7 | Q5: =E5+14 -> 14 | R5: =E5+28 -> 28
B6: 2 | C6: 27.4 | E6: 46253 | N6: =G6+I6+K6+M6 -> 0 | O6: =N6-C6 -> -27.4 | P6: =E6+7 -> 46260 | Q6: =E6+14 -> 46267 | R6: =E6+28 -> 46281
B7: 3 | C7: 27.4 | E7: 46252 | N7: =G7+I7+K7+M7 -> 0 | O7: =N7-C7 -> -27.4 | P7: =E7+7 -> 46259 | Q7: =E7+14 -> 46266 | R7: =E7+28 -> 46280 | U7: -
B8: 4 | C8: 27.4 | E8: 46248 | N8: =G8+I8+K8+M8 -> 0 | O8: =N8-C8 -> -27.4 | P8: =E8+7 -> 46255 | Q8: =E8+14 -> 46262 | R8: =E8+28 -> 46276
B9: 5 | C9: 27.4 | E9: 46251 | N9: =G9+I9+K9+M9 -> 0 | O9: =N9-C9 -> -27.4 | P9: =E9+7 -> 46258 | Q9: =E9+14 -> 46265 | R9: =E9+28 -> 46279
B10: 6 | C10: 27.4 | E10: 46247 | F10: 59/16 | G10: 9 | H10: 59/17 | I10: 9 | J10: 59/18 | K10: 9 | N10: =G10+I10+K10+M10 -> 27 | O10: =N10-C10 -> -0.4 | P10: =E10+7 -> 46254 | Q10: =E10+14 -> 46261 | R10: =E10+28 -> 46275
B11: 7 | C11: 27.4 | E11: 46250 | N11: =G11+I11+K11+M11 -> 0 | O11: =N11-C11 -> -27.4 | P11: =E11+7 -> 46257 | Q11: =E11+14 -> 46264 | R11: =E11+28 -> 46278
B12: 8 | C12: 27.4 | E12: 46247 | F12: 59/10 | G12: 9 | H12: 59/11 | I12: 9 | J12: 59/12 | K12: 9 | N12: =G12+I12+K12+M12 -> 27 | O12: =N12-C12 -> -0.4 | P12: =E12+7 -> 46254 | Q12: =E12+14 -> 46261 | R12: =E12+28 -> 46275
B13: 9 | C13: 27.4 | E13: 46250 | N13: =G13+I13+K13+M13 -> 0 | O13: =N13-C13 -> -27.4 | P13: =E13+7 -> 46257 | Q13: =E13+14 -> 46264 | R13: =E13+28 -> 46278
B14: 10 | C14: 27.4 | E14: 46246 | F14: 58/33 | G14: 9 | H14: 58/32 | I14: 9.5 | J14: 58/31 | K14: 9.5 | N14: =G14+I14+K14+M14 -> 28 | O14: =N14-C14 -> 0.6 | P14: =E14+7 -> 46253 | Q14: =E14+14 -> 46260 | R14: =E14+28 -> 46274
B15: 11 | C15: 27.4 | E15: 46250 | N15: =G15+I15+K15+M15 -> 0 | O15: =N15-C15 -> -27.4 | P15: =E15+7 -> 46257 | Q15: =E15+14 -> 46264 | R15: =E15+28 -> 46278
B16: 12 | C16: 27.4 | E16: 46246 | F16: 58/12 | G16: 9 | H16: 58/11 | I16: 9.5 | J16: 58/10 | K16: 9.5 | N16: =G16+I16+K16+M16 -> 28 | O16: =N16-C16 -> 0.6 | P16: =E16+7 -> 46253 | Q16: =E16+14 -> 46260 | R16: =E16+28 -> 46274
B17: 13 | C17: 27.4 | E17: 46250 | N17: =G17+I17+K17+M17 -> 0 | O17: =N17-C17 -> -27.4 | P17: =E17+7 -> 46257 | Q17: =E17+14 -> 46264 | R17: =E17+28 -> 46278
B18: 14 | C18: 27.4 | E18: 46251 | N18: =G18+I18+K18+M18 -> 0 | O18: =N18-C18 -> -27.4 | P18: =E18+7 -> 46258 | Q18: =E18+14 -> 46265 | R18: =E18+28 -> 46279
B19: 15 | C19: 27.4 | E19: 46249 | N19: =G19+I19+K19+M19 -> 0 | O19: =N19-C19 -> -27.4 | P19: =E19+7 -> 46256 | Q19: =E19+14 -> 46263 | R19: =E19+28 -> 46277
B20: 16 | C20: 27.4 | E20: 46251 | N20: =G20+I20+K20+M20 -> 0 | O20: =N20-C20 -> -27.4 | P20: =E20+7 -> 46258 | Q20: =E20+14 -> 46265 | R20: =E20+28 -> 46279
B21: 17 | C21: 27.4 | E21: 46249 | N21: =G21+I21+K21+M21 -> 0 | O21: =N21-C21 -> -27.4 | P21: =E21+7 -> 46256 | Q21: =E21+14 -> 46263 | R21: =E21+28 -> 46277
B22: 18 | C22: 27.4 | E22: 46252 | N22: =G22+I22+K22+M22 -> 0 | O22: =N22-C22 -> -27.4 | P22: =E22+7 -> 46259 | Q22: =E22+14 -> 46266 | R22: =E22+28 -> 46280
B23: 19 | C23: 27.4 | E23: 46248 | N23: =G23+I23+K23+M23 -> 0 | O23: =N23-C23 -> -27.4 | P23: =E23+7 -> 46255 | Q23: =E23+14 -> 46262 | R23: =E23+28 -> 46276
B24: 20 | C24: 27.4 | E24: 46252 | N24: =G24+I24+K24+M24 -> 0 | O24: =N24-C24 -> -27.4 | P24: =E24+7 -> 46259 | Q24: =E24+14 -> 46266 | R24: =E24+28 -> 46280
B25: 21 | C25: 27.4 | E25: 46249 | N25: =G25+I25+K25+M25 -> 0 | O25: =N25-C25 -> -27.4 | P25: =E25+7 -> 46256 | Q25: =E25+14 -> 46263 | R25: =E25+28 -> 46277
B26: 22 | C26: 27.4 | E26: 46252 | N26: =G26+I26+K26+M26 -> 0 | O26: =N26-C26 -> -27.4 | P26: =E26+7 -> 46259 | Q26: =E26+14 -> 46266 | R26: =E26+28 -> 46280
B27: 23 | C27: 27.4 | N27: =G27+I27+K27+M27 -> 0 | O27: =N27-C27 -> -27.4 | P27: =E27+7 -> 7 | Q27: =E27+14 -> 14 | R27: =E27+28 -> 28
B28: 24 | C28: 27.4 | E28: 46253 | N28: =G28+I28+K28+M28 -> 0 | O28: =N28-C28 -> -27.4 | P28: =E28+7 -> 46260 | Q28: =E28+14 -> 46267 | R28: =E28+28 -> 46281
A29: Итого | C29: =SUM(C5:D28) -> 657.6

Sheet 3
A1: ОСНОВНЫЕ БНС | C1: м3 (проект) | E1: Дата заливки | F1: ДКБС№ | G1: м3 (ДКБС) | H1: ДКБС№ | I1: м3 (ДКБС) | J1: ДКБС№ | K1: м3 (ДКБС) | L1: ДКБС№ | M1: м3 (ДКБС) | N1: Итого | O1: Разница (Проект-Факт) | P1: 7 суток (Протокол) | Q1: 14 суток (Протокол) | R1: 28 суток (Протокол) | S1: 7 суток (Протокол) Статус | T1: 14 суток (Статус) | U1: 28 суток (Протокол) Статус
A4: №ВЭУ | B4: № сваи
A5: ВЭУ-3 | B5: 1 | C5: 27.4 | E5: 46248 | N5: =G5+I5+K5+M5 -> 0 | O5: =N5-C5 -> -27.4 | P5: =E5+7 -> 46255 | Q5: =E5+14 -> 46262 | R5: =E5+28 -> 46276
B6: 2 | C6: 27.4 | E6: 46250 | N6: =G6+I6+K6+M6 -> 0 | O6: =N6-C6 -> -27.4 | P6: =E6+7 -> 46257 | Q6: =E6+14 -> 46264 | R6: =E6+28 -> 46278
B7: 3 | C7: 27.4 | E7: 46246 | F7: 58/9 | G7: 9 | H7: 58/8 | I7: 9.5 | J7: 58/7 | K7: 9.5 | N7: =G7+I7+K7+M7 -> 28 | O7: =N7-C7 -> 0.6 | P7: =E7+7 -> 46253 | Q7: =E7+14 -> 46260 | R7: =E7+28 -> 46274 | U7: -
B8: 4 | C8: 27.4 | E8: 46239 | F8: 51/3 | G8: 9 | H8: 51/2 | I8: 9 | J8: 51/1 | K8: 9 | N8: =G8+I8+K8+M8 -> 27 | O8: =N8-C8 -> -0.4 | P8: =E8+7 -> 46246 | Q8: =E8+14 -> 46253 | R8: =E8+28 -> 46267 | S8: +
B9: 5 | C9: 27.4 | E9: 46247 | F9: 59/38 | G9: 9.5 | H9: 59/39 | I9: 9.5 | J9: 59/40 | K9: 9 | N9: =G9+I9+K9+M9 -> 28 | O9: =N9-C9 -> 0.6 | P9: =E9+7 -> 46254 | Q9: =E9+14 -> 46261 | R9: =E9+28 -> 46275
B10: 6 | C10: 27.4 | E10: 46249 | N10: =G10+I10+K10+M10 -> 0 | O10: =N10-C10 -> -27.4 | P10: =E10+7 -> 46256 | Q10: =E10+14 -> 46263 | R10: =E10+28 -> 46277
B11: 7 | C11: 27.4 | E11: 46244 | F11: 56/7 | G11: 9.5 | H11: 56/8 | I11: 9.5 | J11: 56/9 | K11: 9 | N11: =G11+I11+K11+M11 -> 28 | O11: =N11-C11 -> 0.6 | P11: =E11+7 -> 46251 | Q11: =E11+14 -> 46258 | R11: =E11+28 -> 46272
B12: 8 | C12: 27.4 | E12: 46248 | N12: =G12+I12+K12+M12 -> 0 | O12: =N12-C12 -> -27.4 | P12: =E12+7 -> 46255 | Q12: =E12+14 -> 46262 | R12: =E12+28 -> 46276
B13: 9 | C13: 27.4 | E13: 46241 | F13: 53/21 | G13: 9 | H13: 53/20 | I13: 9 | J13: 53/19 | K13: 9 | N13: =G13+I13+K13+M13 -> 27 | O13: =N13-C13 -> -0.4 | P13: =E13+7 -> 46248 | Q13: =E13+14 -> 46255 | R13: =E13+28 -> 46269 | S13: +
B14: 10 | C14: 27.4 | E14: 46237 | F14: №49/13 | G14: 9.5 | H14: №49/14 | I14: 9.5 | J14: №49/15 | K14: 9.5 | N14: =G14+I14+K14+M14 -> 28.5 | O14: =N14-C14 -> 1.1 | P14: =E14+7 -> 46244 | Q14: =E14+14 -> 46251 | R14: =E14+28 -> 46265 | S14: +
B15: 11 | C15: 27.4 | E15: 46240 | F15: 52/18 | G15: 9 | H15: 52/17 | I15: 9 | J15: 52/19 | K15: 9 | N15: =G15+I15+K15+M15 -> 27 | O15: =N15-C15 -> -0.4 | P15: =E15+7 -> 46247 | Q15: =E15+14 -> 46254 | R15: =E15+28 -> 46268 | S15: +
B16: 12 | C16: 27.4 | E16: 46238 | F16: 50/9 | G16: 9 | H16: 50/8 | I16: 9 | J16: 50/7 | K16: 9 | N16: =G16+I16+K16+M16 -> 27 | O16: =N16-C16 -> -0.4 | P16: =E16+7 -> 46245 | Q16: =E16+14 -> 46252 | R16: =E16+28 -> 46266 | S16: +
B17: 13 | C17: 27.4 | E17: 46239 | F17: 51/21 | G17: 9 | H17: 51/20 | I17: 9.5 | J17: 51/19 | K17: 9.5 | N17: =G17+I17+K17+M17 -> 28 | O17: =N17-C17 -> 0.6 | P17: =E17+7 -> 46246 | Q17: =E17+14 -> 46253 | R17: =E17+28 -> 46267 | S17: +
B18: 14 | C18: 27.4 | E18: 46241 | F18: 53/35 | G18: 9.5 | H18: 53/36 | I18: 9.5 | J18: 53/37 | K18: 9 | N18: =G18+I18+K18+M18 -> 28 | O18: =N18-C18 -> 0.6 | P18: =E18+7 -> 46248 | Q18: =E18+14 -> 46255 | R18: =E18+28 -> 46269 | S18: +
B19: 15 | C19: 27.4 | E19: 46240 | F19: 52/6 | G19: 9 | H19: 52/5 | I19: 9.5 | J19: 52/4 | K19: 9.5 | N19: =G19+I19+K19+M19 -> 28 | O19: =N19-C19 -> 0.6 | P19: =E19+7 -> 46247 | Q19: =E19+14 -> 46254 | R19: =E19+28 -> 46268 | S19: +
B20: 16 | C20: 27.4 | E20: 46238 | F20: 50/21 | G20: 9 | H20: 50/20 | I20: 9 | J20: 50/19 | K20: 9 | N20: =G20+I20+K20+M20 -> 27 | O20: =N20-C20 -> -0.4 | P20: =E20+7 -> 46245 | Q20: =E20+14 -> 46252 | R20: =E20+28 -> 46266 | S20: +
B21: 17 | C21: 27.4 | E21: 46244 | F21: 56/19 | G21: 9.5 | H21: 56/20 | I21: 9.5 | J21: 56/21 | K21: 9 | N21: =G21+I21+K21+M21 -> 28 | O21: =N21-C21 -> 0.6 | P21: =E21+7 -> 46251 | Q21: =E21+14 -> 46258 | R21: =E21+28 -> 46272
B22: 18 | C22: 27.4 | E22: 46246 | F22: 58/21 | G22: 9 | H22: 58/20 | I22: 9.5 | J22: 58/19 | K22: 9.5 | N22: =G22+I22+K22+M22 -> 28 | O22: =N22-C22 -> 0.6 | P22: =E22+7 -> 46253 | Q22: =E22+14 -> 46260 | R22: =E22+28 -> 46274
B23: 19 | C23: 27.4 | E23: 46243 | F23: 55/34 | G23: 10 | N23: =G23+I23+K23+M23 -> 10 | O23: =N23-C23 -> -17.4 | P23: =E23+7 -> 46250 | Q23: =E23+14 -> 46257 | R23: =E23+28 -> 46271
B24: 20 | C24: 27.4 | E24: 46247 | F24: 59/1 | G24: 9 | H24: 59/2 | I24: 9 | J24: 59/3 | K24: 9 | N24: =G24+I24+K24+M24 -> 27 | O24: =N24-C24 -> -0.4 | P24: =E24+7 -> 46254 | Q24: =E24+14 -> 46261 | R24: =E24+28 -> 46275
B25: 21 | C25: 27.4 | E25: 46242 | F25: 54/15 | G25: 9 | H25: 54/13 | I25: 9.5 | J25: 54/14 | K25: 9.5 | N25: =G25+I25+K25+M25 -> 28 | O25: =N25-C25 -> 0.6 | P25: =E25+7 -> 46249 | Q25: =E25+14 -> 46256 | R25: =E25+28 -> 46270
B26: 22 | C26: 27.4 | E26: 46241 | F26: 53/6 | G26: 9 | H26: 53/5 | I26: 9.5 | J26: 53/4 | K26: 9.5 | N26: =G26+I26+K26+M26 -> 28 | O26: =N26-C26 -> 0.6 | P26: =E26+7 -> 46248 | Q26: =E26+14 -> 46255 | R26: =E26+28 -> 46269 | S26: +
B27: 23 | C27: 27.4 | E27: 46245 | F27: 57/40 | G27: 9.5 | H27: 57/39 | I27: 9 | J27: 57/38 | K27: 9.5 | N27: =G27+I27+K27+M27 -> 28 | O27: =N27-C27 -> 0.6 | P27: =E27+7 -> 46252 | Q27: =E27+14 -> 46259 | R27: =E27+28 -> 46273
B28: 24 | C28: 27.4 | E28: 46250 | N28: =G28+I28+K28+M28 -> 0 | O28: =N28-C28 -> -27.4 | P28: =E28+7 -> 46257 | Q28: =E28+14 -> 46264 | R28: =E28+28 -> 46278
A29: Итого | C29: =SUM(C5:D28) -> 657.6

Sheet 4
A1: ОСНОВНЫЕ БНС | C1: м3 (проект) | E1: Дата заливки | F1: ДКБС№ | G1: м3 (ДКБС) | H1: ДКБС№ | I1: м3 (ДКБС) | J1: ДКБС№ | K1: м3 (ДКБС) | L1: ДКБС№ | M1: м3 (ДКБС) | N1: Итого | O1: Разница (Проект-Факт) | P1: 7 суток (Протокол) | Q1: 14 суток (Протокол) | R1: 28 суток (Протокол) | S1: 7 суток (Протокол) Статус | T1: 14 суток (Статус) | U1: 28 суток (Протокол) Статус
A4: №ВЭУ | B4: № сваи
A5: ВЭУ-4 | B5: 1 | C5: 27.4 | N5: =G5+I5+K5+M5 -> 0 | O5: =N5-C5 -> -27.4 | P5: =E5+7 -> 7 | Q5: =E5+14 -> 14 | R5: =E5+28 -> 28
B6: 2 | C6: 27.4 | N6: =G6+I6+K6+M6 -> 0 | O6: =N6-C6 -> -27.4 | P6: =E6+7 -> 7 | Q6: =E6+14 -> 14 | R6: =E6+28 -> 28
B7: 3 | C7: 27.4 | N7: =G7+I7+K7+M7 -> 0 | O7: =N7-C7 -> -27.4 | P7: =E7+7 -> 7 | Q7: =E7+14 -> 14 | R7: =E7+28 -> 28 | U7: -
B8: 4 | C8: 27.4 | N8: =G8+I8+K8+M8 -> 0 | O8: =N8-C8 -> -27.4 | P8: =E8+7 -> 7 | Q8: =E8+14 -> 14 | R8: =E8+28 -> 28
B9: 5 | C9: 27.4 | N9: =G9+I9+K9+M9 -> 0 | O9: =N9-C9 -> -27.4 | P9: =E9+7 -> 7 | Q9: =E9+14 -> 14 | R9: =E9+28 -> 28
B10: 6 | C10: 27.4 | N10: =G10+I10+K10+M10 -> 0 | O10: =N10-C10 -> -27.4 | P10: =E10+7 -> 7 | Q10: =E10+14 -> 14 | R10: =E10+28 -> 28
B11: 7 | C11: 27.4 | N11: =G11+I11+K11+M11 -> 0 | O11: =N11-C11 -> -27.4 | P11: =E11+7 -> 7 | Q11: =E11+14 -> 14 | R11: =E11+28 -> 28
B12: 8 | C12: 27.4 | N12: =G12+I12+K12+M12 -> 0 | O12: =N12-C12 -> -27.4 | P12: =E12+7 -> 7 | Q12: =E12+14 -> 14 | R12: =E12+28 -> 28
B13: 9 | C13: 27.4 | N13: =G13+I13+K13+M13 -> 0 | O13: =N13-C13 -> -27.4 | P13: =E13+7 -> 7 | Q13: =E13+14 -> 14 | R13: =E13+28 -> 28
B14: 10 | C14: 27.4 | N14: =G14+I14+K14+M14 -> 0 | O14: =N14-C14 -> -27.4 | P14: =E14+7 -> 7 | Q14: =E14+14 -> 14 | R14: =E14+28 -> 28
B15: 11 | C15: 27.4 | N15: =G15+I15+K15+M15 -> 0 | O15: =N15-C15 -> -27.4 | P15: =E15+7 -> 7 | Q15: =E15+14 -> 14 | R15: =E15+28 -> 28
B16: 12 | C16: 27.4 | N16: =G16+I16+K16+M16 -> 0 | O16: =N16-C16 -> -27.4 | P16: =E16+7 -> 7 | Q16: =E16+14 -> 14 | R16: =E16+28 -> 28
B17: 13 | C17: 27.4 | N17: =G17+I17+K17+M17 -> 0 | O17: =N17-C17 -> -27.4 | P17: =E17+7 -> 7 | Q17: =E17+14 -> 14 | R17: =E17+28 -> 28
B18: 14 | C18: 27.4 | N18: =G18+I18+K18+M18 -> 0 | O18: =N18-C18 -> -27.4 | P18: =E18+7 -> 7 | Q18: =E18+14 -> 14 | R18: =E18+28 -> 28
B19: 15 | C19: 27.4 | N19: =G19+I19+K19+M19 -> 0 | O19: =N19-C19 -> -27.4 | P19: =E19+7 -> 7 | Q19: =E19+14 -> 14 | R19: =E19+28 -> 28
... B28: 24 | C28: 27.4 | N28: =G28+I28+K28+M28 -> 0 | O28: =N28-C28 -> -27.4 | P28: =E28+7 -> 7 | Q28: =E28+14 -> 14 | R28: =E28+28 -> 28
A29: Итого | C29: =SUM(C5:D28) -> 657.6

Sheet 5
A1: ОСНОВНЫЕ БНС | C1: м3 (проект) | E1: Дата заливки | F1: ДКБС№ | G1: м3 (ДКБС) | H1: ДКБС№ | I1: м3 (ДКБС) | J1: ДКБС№ | K1: м3 (ДКБС) | L1: ДКБС№ | M1: м3 (ДКБС) | N1: Итого | O1: Разница (Проект-Факт) | P1: 7 суток (Протокол) | Q1: 14 суток (Протокол) | R1: 28 суток (Протокол) | S1: 7 суток (Протокол) Статус | T1: 14 суток (Статус) | U1: 28 суток (Протокол) Статус
A4: №ВЭУ | B4: № сваи
A5: ВЭУ-5 | B5: 1 | C5: 27.4 | E5: 46253 | N5: =G5+I5+K5+M5 -> 0 | O5: =N5-C5 -> -27.4 | P5: =E5+7 -> 46260 | Q5: =E5+14 -> 46267 | R5: =E5+28 -> 46281
B6: 2 | C6: 27.4 | N6: =G6+I6+K6+M6 -> 0 | O6: =N6-C6 -> -27.4 | P6: =E6+7 -> 7 | Q6: =E6+14 -> 14 | R6: =E6+28 -> 28
B7: 3 | C7: 27.4 | N7: =G7+I7+K7+M7 -> 0 | O7: =N7-C7 -> -27.4 | P7: =E7+7 -> 7 | Q7: =E7+14 -> 14 | R7: =E7+28 -> 28 | U7: -
B8: 4 | C8: 27.4 | N8: =G8+I8+K8+M8 -> 0 | O8: =N8-C8 -> -27.4 | P8: =E8+7 -> 7 | Q8: =E8+14 -> 14 | R8: =E8+28 -> 28
B9: 5 | C9: 27.4 | E9: 46252 | N9: =G9+I9+K9+M9 -> 0 | O9: =N9-C9 -> -27.4 | P9: =E9+7 -> 46259 | Q9: =E9+14 -> 46266 | R9: =E9+28 -> 46280
B10: 6 | C10: 27.4 | N10: =G10+I10+K10+M10 -> 0 | O10: =N10-C10 -> -27.4 | P10: =E10+7 -> 7 | Q10: =E10+14 -> 14 | R10: =E10+28 -> 28
B11: 7 | C11: 27.4 | N11: =G11+I11+K11+M11 -> 0 | O11: =N11-C11 -> -27.4 | P11: =E11+7 -> 7 | Q11: =E11+14 -> 14 | R11: =E11+28 -> 28
B12: 8 | C12: 27.4 | N12: =G12+I12+K12+M12 -> 0 | O12: =N12-C12 -> -27.4 | P12: =E12+7 -> 7 | Q12: =E12+14 -> 14 | R12: =E12+28 -> 28
B13: 9 | C13: 27.4 | N13: =G13+I13+K13+M13 -> 0 | O13: =N13-C13 -> -27.4 | P13: =E13+7 -> 7 | Q13: =E13+14 -> 14 | R13: =E13+28 -> 28
B14: 10 | C14: 27.4 | N14: =G14+I14+K14+M14 -> 0 | O14: =N14-C14 -> -27.4 | P14: =E14+7 -> 7 | Q14: =E14+14 -> 14 | R14: =E14+28 -> 28
B15: 11 | C15: 27.4 | N15: =G15+I15+K15+M15 -> 0 | O15: =N15-C15 -> -27.4 | P15: =E15+7 -> 7 | Q15: =E15+14 -> 14 | R15: =E15+28 -> 28
B16: 12 | C16: 27.4 | N16: =G16+I16+K16+M16 -> 0 | O16: =N16-C16 -> -27.4 | P16: =E16+7 -> 7 | Q16: =E16+14 -> 14 | R16: =E16+28 -> 28
B17: 13 | C17: 27.4 | N17: =G17+I17+K17+M17 -> 0 | O17: =N17-C17 -> -27.4 | P17: =E17+7 -> 7 | Q17: =E17+14 -> 14 | R17: =E17+28 -> 28
B18: 14 | C18: 27.4 | N18: =G18+I18+K18+M18 -> 0 | O18: =N18-C18 -> -27.4 | P18: =E18+7 -> 7 | Q18: =E18+14 -> 14 | R18: =E18+28 -> 28
B19: 15 | C19: 27.4 | N19: =G19+I19+K19+M19 -> 0 | O19: =N19-C19 -> -27.4 | P19: =E19+7 -> 7 | Q19: =E19+14 -> 14 | R19: =E19+28 -> 28
B20: 16 | C20: 27.4 | N20: =G20+I20+K20+M20 -> 0 | O20: =N20-C20 -> -27.4 | P20: =E20+7 -> 7 | Q20: =E20+14 -> 14 | R20: =E20+28 -> 28
B21: 17 | C21: 27.4 | E21: 46251 | N21: =G21+I21+K21+M21 -> 0 | O21: =N21-C21 -> -27.4 | P21: =E21+7 -> 46258 | Q21: =E21+14 -> 46265 | R21: =E21+28 -> 46279
B22: 18 | C22: 27.4 | N22: =G22+I22+K22+M22 -> 0 | O22: =N22-C22 -> -27.4 | P22: =E22+7 -> 7 | Q22: =E22+14 -> 14 | R22: =E22+28 -> 28
B23: 19 | C23: 27.4 | E23: 46250 | N23: =G23+I23+K23+M23 -> 0 | O23: =N23-C23 -> -27.4 | P23: =E23+7 -> 46257 | Q23: =E23+14 -> 46264 | R23: =E23+28 -> 46278
B24: 20 | C24: 27.4 | N24: =G24+I24+K24+M24 -> 0 | O24: =N24-C24 -> -27.4 | P24: =E24+7 -> 7 | Q24: =E24+14 -> 14 | R24: =E24+28 -> 28
B25: 21 | C25: 27.4 | E25: 46249 | N25: =G25+I25+K25+M25 -> 0 | O25: =N25-C25 -> -27.4 | P25: =E25+7 -> 46256 | Q25: =E25+14 -> 46263 | R25: =E25+28 -> 46277
B26: 22 | C26: 27.4 | N26: =G26+I26+K26+M26 -> 0 | O26: =N26-C26 -> -27.4 | P26: =E26+7 -> 7 | Q26: =E26+14 -> 14 | R26: =E26+28 -> 28
B27: 23 | C27: 27.4 | E27: 46252 | N27: =G27+I27+K27+M27 -> 0 | O27: =N27-C27 -> -27.4 | P27: =E27+7 -> 46259 | Q27: =E27+14 -> 46266 | R27: =E27+28 -> 46280
B28: 24 | C28: 27.4 | N28: =G28+I28+K28+M28 -> 0 | O28: =N28-C28 -> -27.4 | P28: =E28+7 -> 7 | Q28: =E28+14 -> 14 | R28: =E28+28 -> 28
A29: Итого | C29: =SUM(C5:D28) -> 657.6

Sheet 6
A1: ОСНОВНЫЕ БНС | C1: м3 (проект) | E1: Дата заливки | F1: ДКБС№ | G1: м3 (ДКБС) | H1: ДКБС№ | I1: м3 (ДКБС) | J1: ДКБС№ | K1: м3 (ДКБС) | L1: ДКБС№ | M1: м3 (ДКБС) | N1: Итого | O1: Разница (Проект-Факт) | P1: 7 суток (Протокол) | Q1: 14 суток (Протокол) | R1: 28 суток (Протокол) | S1: 7 суток (Протокол) Статус | T1: 14 суток (Статус) | U1: 28 суток (Протокол) Статус
A4: №ВЭУ | B4: № сваи
A5: ВЭУ-6 | B5: 1 | C5: 26.27 | N5: =G5+I5+K5+M5 -> 0 | O5: =N5-C5 -> -26.27 | P5: =E5+7 -> 7 | Q5: =E5+14 -> 14 | R5: =E5+28 -> 28
B6: 2 | C6: 26.27 | N6: =G6+I6+K6+M6 -> 0 | O6: =N6-C6 -> -26.27 | P6: =E6+7 -> 7 | Q6: =E6+14 -> 14 | R6: =E6+28 -> 28
B7: 3 | C7: 26.27 | N7: =G7+I7+K7+M7 -> 0 | O7: =N7-C7 -> -26.27 | P7: =E7+7 -> 7 | Q7: =E7+14 -> 14 | R7: =E7+28 -> 28 | U7: -
B8: 4 | C8: 26.27 | N8: =G8+I8+K8+M8 -> 0 | O8: =N8-C8 -> -26.27 | P8: =E8+7 -> 7 | Q8: =E8+14 -> 14 | R8: =E8+28 -> 28
B9: 5 | C9: 26.27 | N9: =G9+I9+K9+M9 -> 0 | O9: =N9-C9 -> -26.27 | P9: =E9+7 -> 7 | Q9: =E9+14 -> 14 | R9: =E9+28 -> 28
B10: 6 | C10: 26.27 | N10: =G10+I10+K10+M10 -> 0 | O10: =N10-C10 -> -26.27 | P10: =E10+7 -> 7 | Q10: =E10+14 -> 14 | R10: =E10+28 -> 28
B11: 7 | C11: 26.27 | N11: =G11+I11+K11+M11 -> 0 | O11: =N11-C11 -> -26.27 | P11: =E11+7 -> 7 | Q11: =E11+14 -> 14 | R11: =E11+28 -> 28
B12: 8 | C12: 26.27 | N12: =G12+I12+K12+M12 -> 0 | O12: =N12-C12 -> -26.27 | P12: =E12+7 -> 7 | Q12: =E12+14 -> 14 | R12: =E12+28 -> 28
B13: 9 | C13: 26.27 | N13: =G13+I13+K13+M13 -> 0 | O13: =N13-C13 -> -26.27 | P13: =E13+7 -> 7 | Q13: =E13+14 -> 14 | R13: =E13+28 -> 28
B14: 10 | C14: 26.27 | N14: =G14+I14+K14+M14 -> 0 | O14: =N14-C14 -> -26.27 | P14: =E14+7 -> 7 | Q14: =E14+14 -> 14 | R14: =E14+28 -> 28
B15: 11 | C15: 26.27 | N15: =G15+I15+K15+M15 -> 0 | O15: =N15-C15 -> -26.27 | P15: =E15+7 -> 7 | Q15: =E15+14 -> 14 | R15: =E15+28 -> 28
B16: 12 | C16: 26.27 | N16: =G16+I16+K16+M16 -> 0 | O16: =N16-C16 -> -26.27 | P16: =E16+7 -> 7 | Q16: =E16+14 -> 14 | R16: =E16+28 -> 28
B17: 13 | C17: 26.27 | N17: =G17+I17+K17+M17 -> 0 | O17: =N17-C17 -> -26.27 | P17: =E17+7 -> 7 | Q17: =E17+14 -> 14 | R17: =E17+28 -> 28
B18: 14 | C18: 26.27 | N18: =G18+I18+K18+M18 -> 0 | O18: =N18-C18 -> -26.27 | P18: =E18+7 -> 7 | Q18: =E18+14 -> 14 | R18: =E18+28 -> 28
B19: 15 | C19: 26.27 | N19: =G19+I19+K19+M19 -> 0 | O19: =N19-C19 -> -26.27 | P19: =E19+7 -> 7 | Q19: =E19+14 -> 14 | R19: =E19+28 -> 28
... B28: 24 | C28: 26.27 | N28: =G28+I28+K28+M28 -> 0 | O28: =N28-C28 -> -26.27 | P28: =E28+7 -> 7 | Q28: =E28+14 -> 14 | R28: =E28+28 -> 28
A29: Итого | C29: =SUM(C5:D28) -> 630.48

Sheet 7
A1: ОСНОВНЫЕ БНС | C1: м3 (проект) | E1: Дата заливки | F1: ДКБС№ | G1: м3 (ДКБС) | H1: ДКБС№ | I1: м3 (ДКБС) | J1: ДКБС№ | K1: м3 (ДКБС) | L1: ДКБС№ | M1: м3 (ДКБС) | N1: Итого | O1: Разница (Проект-Факт) | P1: 7 суток (Протокол) | Q1: 14 суток (Протокол) | R1: 28 суток (Протокол) | S1: 7 суток (Протокол) Статус | T1: 14 суток (Статус) | U1: 28 суток (Протокол) Статус
A4: №ВЭУ | B4: № сваи
A5: ВЭУ-7 | B5: 1 | C5: 26.27 | E5: 46250 | N5: =G5+I5+K5+M5 -> 0 | O5: =N5-C5 -> -26.27 | P5: =E5+7 -> 46257 | Q5: =E5+14 -> 46264 | R5: =E5+28 -> 46278
B6: 2 | C6: 26.27 | N6: =G6+I6+K6+M6 -> 0 | O6: =N6-C6 -> -26.27 | P6: =E6+7 -> 7 | Q6: =E6+14 -> 14 | R6: =E6+28 -> 28
B7: 3 | C7: 26.27 | E7: 46245 | F7: 57/32 | G7: 9 | H7: 57/31 | I7: 9 | J7: 57/30 | K7: 9 | N7: =G7+I7+K7+M7 -> 27 | O7: =N7-C7 -> 0.73 | P7: =E7+7 -> 46252 | Q7: =E7+14 -> 46259 | R7: =E7+28 -> 46273 | U7: -
B8: 4 | C8: 26.27 | E8: 46247 | F8: 59/35 | G8: 9 | H8: 59/36 | I8: 9 | J8: 59/37 | K8: 9 | N8: =G8+I8+K8+M8 -> 27 | O8: =N8-C8 -> 0.73 | P8: =E8+7 -> 46254 | Q8: =E8+14 -> 46261 | R8: =E8+28 -> 46275
B9: 5 | C9: 26.27 | E9: 46245 | F9: 57/20 | G9: 9 | H9: 57/23 | I9: 9 | J9: 57/22 | K9: 9 | N9: =G9+I9+K9+M9 -> 27 | O9: =N9-C9 -> 0.73 | P9: =E9+7 -> 46252 | Q9: =E9+14 -> 46259 | R9: =E9+28 -> 46273
B10: 6 | C10: 26.27 | E10: 46247 | F10: 59/22 | G10: 9 | H10: 59/23 | I10: 9 | J10: 59/24 | K10: 9 | N10: =G10+I10+K10+M10 -> 27 | O10: =N10-C10 -> 0.73 | P10: =E10+7 -> 46254 | Q10: =E10+14 -> 46261 | R10: =E10+28 -> 46275
B11: 7 | C11: 26.27 | E11: 46245 | F11: 57/3 | G11: 9 | H11: 57/2 | I11: 9 | J11: 57/1 | K11: 9 | N11: =G11+I11+K11+M11 -> 27 | O11: =N11-C11 -> 0.73 | P11: =E11+7 -> 46252 | Q11: =E11+14 -> 46259 | R11: =E11+28 -> 46273
B12: 8 | C12: 26.27 | E12: 46247 | F12: 59/7 | G12: 9 | H12: 59/8 | I12: 9 | J12: 59/9 | K12: 9 | N12: =G12+I12+K12+M12 -> 27 | O12: =N12-C12 -> 0.73 | P12: =E12+7 -> 46254 | Q12: =E12+14 -> 46261 | R12: =E12+28 -> 46275
B13: 9 | C13: 26.27 | E13: 46244 | F13: 56/22 | G13: 9 | H13: 56/23 | I13: 9 | J13: 56/24 | K13: 9 | N13: =G13+I13+K13+M13 -> 27 | O13: =N13-C13 -> 0.73 | P13: =E13+7 -> 46251 | Q13: =E13+14 -> 46258 | R13: =E13+28 -> 46272
B14: 10 | C14: 26.27 | E14: 46250 | N14: =G14+I14+K14+M14 -> 0 | O14: =N14-C14 -> -26.27 | P14: =E14+7 -> 46257 | Q14: =E14+14 -> 46264 | R14: =E14+28 -> 46278
B15: 11 | C15: 26.27 | E15: 46244 | F15: 56/4 | G15: 9 | H15: 56/5 | I15: 9 | J15: 56/6 | K15: 9 | N15: =G15+I15+K15+M15 -> 27 | O15: =N15-C15 -> 0.73 | P15: =E15+7 -> 46251 | Q15: =E15+14 -> 46258 | R15: =E15+28 -> 46272
B16: 12 | C16: 26.27 | E16: 46250 | N16: =G16+I16+K16+M16 -> 0 | O16: =N16-C16 -> -26.27 | P16: =E16+7 -> 46257 | Q16: =E16+14 -> 46264 | R16: =E16+28 -> 46278
B17: 13 | C17: 26.27 | E17: 46243 | F17: 55/20 | G17: 9 | H17: 55/19 | I17: 9 | J17: 55/18 | K17: 9 | N17: =G17+I17+K17+M17 -> 27 | O17: =N17-C17 -> 0.73 | P17: =E17+7 -> 46250 | Q17: =E17+14 -> 46257 | R17: =E17+28 -> 46271
B18: 14 | C18: 26.27 | N18: =G18+I18+K18+M18 -> 0 | O18: =N18-C18 -> -26.27 | P18: =E18+7 -> 7 | Q18: =E18+14 -> 14 | R18: =E18+28 -> 28
B19: 15 | C19: 26.27 | E19: 46246 | F19: 58/6 | G19: 9 | H19: 58/5 | I19: 9 | J19: 58/4 | K19: 9 | N19: =G19+I19+K19+M19 -> 27 | O19: =N19-C19 -> 0.73 | P19: =E19+7 -> 46253 | Q19: =E19+14 -> 46260 | R19: =E19+28 -> 46274
B20: 16 | C20: 26.27 | E20: 46249 | N20: =G20+I20+K20+M20 -> 0 | O20: =N20-C20 -> -26.27 | P20: =E20+7 -> 46256 | Q20: =E20+14 -> 46263 | R20: =E20+28 -> 46277
B21: 17 | C21: 26.27 | E21: 46246 | F21: 58/18 | G21: 9 | H21: 58/17 | I21: 9 | J21: 58/16 | K21: 9 | N21: =G21+I21+K21+M21 -> 27 | O21: =N21-C21 -> 0.73 | P21: =E21+7 -> 46253 | Q21: =E21+14 -> 46260 | R21: =E21+28 -> 46274
B22: 18 | C22: 26.27 | E22: 46249 | N22: =G22+I22+K22+M22 -> 0 | O22: =N22-C22 -> -26.27 | P22: =E22+7 -> 46256 | Q22: =E22+14 -> 46263 | R22: =E22+28 -> 46277
B23: 19 | C23: 26.27 | E23: 46246 | F23: 58/30 | G23: 9 | H23: 58/29 | I23: 9 | J23: 58/28 | K23: 9 | N23: =G23+I23+K23+M23 -> 27 | O23: =N23-C23 -> 0.73 | P23: =E23+7 -> 46253 | Q23: =E23+14 -> 46260 | R23: =E23+28 -> 46274
B24: 20 | C24: 26.27 | E24: 46251 | N24: =G24+I24+K24+M24 -> 0 | O24: =N24-C24 -> -26.27 | P24: =E24+7 -> 46258 | Q24: =E24+14 -> 46265 | R24: =E24+28 -> 46279
B25: 21 | C25: 26.27 | E25: 46248 | F25: 59/44 | G25: 9 | N25: =G25+I25+K25+M25 -> 9 | O25: =N25-C25 -> -17.27 | P25: =E25+7 -> 46255 | Q25: =E25+14 -> 46262 | R25: =E25+28 -> 46276
B26: 22 | C26: 26.27 | E26: 46250 | N26: =G26+I26+K26+M26 -> 0 | O26: =N26-C26 -> -26.27 | P26: =E26+7 -> 46257 | Q26: =E26+14 -> 46264 | R26: =E26+28 -> 46278
B27: 23 | C27: 26.27 | E27: 46249 | N27: =G27+I27+K27+M27 -> 0 | O27: =N27-C27 -> -26.27 | P27: =E27+7 -> 46256 | Q27: =E27+14 -> 46263 | R27: =E27+28 -> 46277
B28: 24 | C28: 26.27 | N28: =G28+I28+K28+M28 -> 0 | O28: =N28-C28 -> -26.27 | P28: =E28+7 -> 7 | Q28: =E28+14 -> 14 | R28: =E28+28 -> 28
A29: Итого | C29: =SUM(C5:D28) -> 630.48

Sheet 8
A1: ОСНОВНЫЕ БНС | C1: м3 (проект) | E1: Дата заливки | F1: ДКБС№ | G1: м3 (ДКБС) | H1: ДКБС№ | I1: м3 (ДКБС) | J1: ДКБС№ | K1: м3 (ДКБС) | L1: ДКБС№ | M1: м3 (ДКБС) | N1: Итого | O1: Разница (Проект-Факт) | P1: 7 суток (Протокол) | Q1: 14 суток (Протокол) | R1: 28 суток (Протокол) | S1: 7 суток (Протокол) Статус | T1: 14 суток (Статус) | U1: 28 суток (Протокол) Статус
A4: №ВЭУ | B4: № сваи
A5: ВЭУ-8 | B5: 1 | C5: 27.4 | N5: =G5+I5+K5+M5 -> 0 | O5: =N5-C5 -> -27.4 | P5: =E5+7 -> 7 | Q5: =E5+14 -> 14 | R5: =E5+28 -> 28
B6: 2 | C6: 27.4 | E6: 46252 | N6: =G6+I6+K6+M6 -> 0 | O6: =N6-C6 -> -27.4 | P6: =E6+7 -> 46259 | Q6: =E6+14 -> 46266 | R6: =E6+28 -> 46280
B7: 3 | C7: 27.4 | N7: =G7+I7+K7+M7 -> 0 | O7: =N7-C7 -> -27.4 | P7: =E7+7 -> 7 | Q7: =E7+14 -> 14 | R7: =E7+28 -> 28 | U7: -
B8: 4 | C8: 27.4 | N8: =G8+I8+K8+M8 -> 0 | O8: =N8-C8 -> -27.4 | P8: =E8+7 -> 7 | Q8: =E8+14 -> 14 | R8: =E8+28 -> 28
B9: 5 | C9: 27.4 | N9: =G9+I9+K9+M9 -> 0 | O9: =N9-C9 -> -27.4 | P9: =E9+7 -> 7 | Q9: =E9+14 -> 14 | R9: =E9+28 -> 28
B10: 6 | C10: 27.4 | N10: =G10+I10+K10+M10 -> 0 | O10: =N10-C10 -> -27.4 | P10: =E10+7 -> 7 | Q10: =E10+14 -> 14 | R10: =E10+28 -> 28
B11: 7 | C11: 27.4 | N11: =G11+I11+K11+M11 -> 0 | O11: =N11-C11 -> -27.4 | P11: =E11+7 -> 7 | Q11: =E11+14 -> 14 | R11: =E11+28 -> 28
B12: 8 | C12: 27.4 | N12: =G12+I12+K12+M12 -> 0 | O12: =N12-C12 -> -27.4 | P12: =E12+7 -> 7 | Q12: =E12+14 -> 14 | R12: =E12+28 -> 28
B13: 9 | C13: 27.4 | N13: =G13+I13+K13+M13 -> 0 | O13: =N13-C13 -> -27.4 | P13: =E13+7 -> 7 | Q13: =E13+14 -> 14 | R13: =E13+28 -> 28
B14: 10 | C14: 27.4 | N14: =G14+I14+K14+M14 -> 0 | O14: =N14-C14 -> -27.4 | P14: =E14+7 -> 7 | Q14: =E14+14 -> 14 | R14: =E14+28 -> 28
B15: 11 | C15: 27.4 | E15: 46252 | N15: =G15+I15+K15+M15 -> 0 | O15: =N15-C15 -> -27.4 | P15: =E15+7 -> 46259 | Q15: =E15+14 -> 46266 | R15: =E15+28 -> 46280
B16: 12 | C16: 27.4 | N16: =G16+I16+K16+M16 -> 0 | O16: =N16-C16 -> -27.4 | P16: =E16+7 -> 7 | Q16: =E16+14 -> 14 | R16: =E16+28 -> 28
B17: 13 | C17: 27.4 | E17: 46253 | N17: =G17+I17+K17+M17 -> 0 | O17: =N17-C17 -> -27.4 | P17: =E17+7 -> 46260 | Q17: =E17+14 -> 46267 | R17: =E17+28 -> 46281
B18: 14 | C18: 27.4 | N18: =G18+I18+K18+M18 -> 0 | O18: =N18-C18 -> -27.4 | P18: =E18+7 -> 7 | Q18: =E18+14 -> 14 | R18: =E18+28 -> 28
B19: 15 | C19: 27.4 | E19: 46251 | N19: =G19+I19+K19+M19 -> 0 | O19: =N19-C19 -> -27.4 | P19: =E19+7 -> 46258 | Q19: =E19+14 -> 46265 | R19: =E19+28 -> 46279
B20: 16 | C20: 27.4 | N20: =G20+I20+K20+M20 -> 0 | O20: =N20-C20 -> -27.4 | P20: =E20+7 -> 7 | Q20: =E20+14 -> 14 | R20: =E20+28 -> 28
B21: 17 | C21: 27.4 | N21: =G21+I21+K21+M21 -> 0 | O21: =N21-C21 -> -27.4 | P21: =E21+7 -> 7 | Q21: =E21+14 -> 14 | R21: =E21+28 -> 28
B22: 18 | C22: 27.4 | N22: =G22+I22+K22+M22 -> 0 | O22: =N22-C22 -> -27.4 | P22: =E22+7 -> 7 | Q22: =E22+14 -> 14 | R22: =E22+28 -> 28
B23: 19 | C23: 27.4 | N23: =G23+I23+K23+M23 -> 0 | O23: =N23-C23 -> -27.4 | P23: =E23+7 -> 7 | Q23: =E23+14 -> 14 | R23: =E23+28 -> 28
B24: 20 | C24: 27.4 | N24: =G24+I24+K24+M24 -> 0 | O24: =N24-C24 -> -27.4 | P24: =E24+7 -> 7 | Q24: =E24+14 -> 14 | R24: =E24+28 -> 28
B25: 21 | C25: 27.4 | N25: =G25+I25+K25+M25 -> 0 | O25: =N25-C25 -> -27.4 | P25: =E25+7 -> 7 | Q25: =E25+14 -> 14 | R25: =E25+28 -> 28
B26: 22 | C26: 27.4 | N26: =G26+I26+K26+M26 -> 0 | O26: =N26-C26 -> -27.4 | P26: =E26+7 -> 7 | Q26: =E26+14 -> 14 | R26: =E26+28 -> 28
B27: 23 | C27: 27.4 | E27: 46252 | N27: =G27+I27+K27+M27 -> 0 | O27: =N27-C27 -> -27.4 | P27: =E27+7 -> 46259 | Q27: =E27+14 -> 46266 | R27: =E27+28 -> 46280
B28: 24 | C28: 27.4 | N28: =G28+I28+K28+M28 -> 0 | O28: =N28-C28 -> -27.4 | P28: =E28+7 -> 7 | Q28: =E28+14 -> 14 | R28: =E28+28 -> 28
A29: Итого | C29: =SUM(C5:D28) -> 657.6

Sheet 9
A1: ОСНОВНЫЕ БНС | C1: м3 (проект) | E1: Дата заливки | F1: ДКБС№ | G1: м3 (ДКБС) | H1: ДКБС№ | I1: м3 (ДКБС) | J1: ДКБС№ | K1: м3 (ДКБС) | L1: ДКБС№ | M1: м3 (ДКБС) | N1: Итого | O1: Разница (Проект-Факт) | P1: 7 суток (Протокол) | Q1: 14 суток (Протокол) | R1: 28 суток (Протокол) | S1: 7 суток (Протокол) Статус | T1: 14 суток (Статус) | U1: 28 суток (Протокол) Статус
A4: №ВЭУ | B4: № сваи
A5: ВЭУ-9 | B5: 1 | C5: 27.4 | E5: 46248 | N5: =G5+I5+K5+M5 -> 0 | O5: =N5-C5 -> -27.4 | P5: =E5+7 -> 46255 | Q5: =E5+14 -> 46262 | R5: =E5+28 -> 46276
B6: 2 | C6: 27.4 | E6: 46240 | F6: 52/3 | G6: 9 | H6: 52/2 | I6: 9.5 | J6: 52/1 | K6: 9.5 | N6: =G6+I6+K6+M6 -> 28 | O6: =N6-C6 -> 0.6 | P6: =E6+7 -> 46247 | Q6: =E6+14 -> 46254 | R6: =E6+28 -> 46268 | S6: +
B7: 3 | C7: 27.4 | E7: 46244 | F7: 56/10 | G7: 9.5 | H7: 56/11 | I7: 9.5 | J7: 56/12 | K7: 9 | N7: =G7+I7+K7+M7 -> 28 | O7: =N7-C7 -> 0.6 | P7: =E7+7 -> 46251 | Q7: =E7+14 -> 46258 | R7: =E7+28 -> 46272 | U7: -
B8: 4 | C8: 27.4 | E8: 46241 | F8: 53/25 | G8: 9 | H8: 53/23 | I8: 9.5 | J8: 53/22 | K8: 9.5 | N8: =G8+I8+K8+M8 -> 28 | O8: =N8-C8 -> 0.6 | P8: =E8+7 -> 46248 | Q8: =E8+14 -> 46255 | R8: =E8+28 -> 46269 | S8: +
B9: 5 | C9: 27.4 | E9: 46245 | F9: 57/12 | G9: 9 | H9: 57/11 | I9: 9.5 | J9: 57/10 | K9: 9.5 | N9: =G9+I9+K9+M9 -> 28 | O9: =N9-C9 -> 0.6 | P9: =E9+7 -> 46252 | Q9: =E9+14 -> 46259 | R9: =E9+28 -> 46273
B10: 6 | C10: 27.4 | E10: 46242 | F10: 54/23 | G10: 9 | H10: 54/22 | I10: 9.5 | J10: 54/21 | K10: 9.5 | N10: =G10+I10+K10+M10 -> 28 | O10: =N10-C10 -> 0.6 | P10: =E10+7 -> 46249 | Q10: =E10+14 -> 46256 | R10: =E10+28 -> 46270
B11: 7 | C11: 27.4 | E11: 46246 | F11: 59/25 | G11: 9.5 | H11: 59/26 | I11: 9.5 | J11: 59/27 | K11: 9 | N11: =G11+I11+K11+M11 -> 28 | O11: =N11-C11 -> 0.6 | P11: =E11+7 -> 46253 | Q11: =E11+14 -> 46260 | R11: =E11+28 -> 46274
B12: 8 | C12: 27.4 | E12: 46245 | F12: 57/37 | G12: 9 | H12: 57/36 | I12: 9 | J12: 57/35 | K12: 9.5 | N12: =G12+I12+K12+M12 -> 27.5 | O12: =N12-C12 -> 0.1 | P12: =E12+7 -> 46252 | Q12: =E12+14 -> 46259 | R12: =E12+28 -> 46273
B13: 9 | C13: 27.4 | E13: 46246 | F13: 58/27 | G13: 9 | H13: 58/26 | I13: 9.5 | J13: 58/25 | K13: 9.5 | N13: =G13+I13+K13+M13 -> 28 | O13: =N13-C13 -> 0.6 | P13: =E13+7 -> 46253 | Q13: =E13+14 -> 46260 | R13: =E13+28 -> 46274
B14: 10 | C14: 27.4 | E14: 46249 | N14: =G14+I14+K14+M14 -> 0 | O14: =N14-C14 -> -27.4 | P14: =E14+7 -> 46256 | Q14: =E14+14 -> 46263 | R14: =E14+28 -> 46277
B15: 11 | C15: 27.4 | E15: 46243 | F15: 55/33 | G15: 9 | H15: 55/32 | I15: 9.5 | J15: 55/31 | K15: 9.5 | N15: =G15+I15+K15+M15 -> 28 | O15: =N15-C15 -> 0.6 | P15: =E15+7 -> 46250 | Q15: =E15+14 -> 46257 | R15: =E15+28 -> 46271
B16: 12 | C16: 27.4 | E16: 46248 | N16: =G16+I16+K16+M16 -> 0 | O16: =N16-C16 -> -27.4 | P16: =E16+7 -> 46255 | Q16: =E16+14 -> 46262 | R16: =E16+28 -> 46276
B17: 13 | C17: 27.4 | E17: 46239 | F17: 51/24 | G17: 9 | H17: 51/23 | I17: 9.5 | J17: 51/22 | K17: 9.5 | N17: =G17+I17+K17+M17 -> 28 | O17: =N17-C17 -> 0.6 | P17: =E17+7 -> 46246 | Q17: =E17+14 -> 46253 | R17: =E17+28 -> 46267 | S17: +
B18: 14 | C18: 27.4 | E18: 46247 | F18: 59/41 | G18: 9.5 | H18: 59/42 | I18: 9.5 | J18: 59/43 | K18: 9 | N18: =G18+I18+K18+M18 -> 28 | O18: =N18-C18 -> 0.6 | P18: =E18+7 -> 46254 | Q18: =E18+14 -> 46261 | R18: =E18+28 -> 46275
B19: 15 | C19: 27.4 | E19: 46241 | F19: 53/9 | G19: 9 | H19: 53/8 | I19: 9.5 | J19: 53/7 | K19: 9.5 | N19: =G19+I19+K19+M19 -> 28 | O19: =N19-C19 -> 0.6 | P19: =E19+7 -> 46248 | Q19: =E19+14 -> 46255 | R19: =E19+28 -> 46269 | S19: +
B20: 16 | C20: 27.4 | E20: 46244 | F20: 56/28 | G20: 9.5 | H20: 56/29 | I20: 9.5 | J20: 56/30 | K20: 9 | N20: =G20+I20+K20+M20 -> 28 | O20: =N20-C20 -> 0.6 | P20: =E20+7 -> 46251 | Q20: =E20+14 -> 46258 | R20: =E20+28 -> 46272
B21: 17 | C21: 27.4 | E21: 46242 | F21: 54/4 | G21: 9.5 | H21: 54/5 | I21: 9.5 | J21: 54/6 | K21: 9 | N21: =G21+I21+K21+M21 -> 28 | O21: =N21-C21 -> 0.6 | P21: =E21+7 -> 46249 | Q21: =E21+14 -> 46256 | R21: =E21+28 -> 46270
B22: 18 | C22: 27.4 | E22: 46245 | F22: 57/26 | G22: 9 | H22: 57/25 | I22: 9.5 | J22: 57/24 | K22: 9.5 | N22: =G22+I22+K22+M22 -> 28 | O22: =N22-C22 -> 0.6 | P22: =E22+7 -> 46252 | Q22: =E22+14 -> 46259 | R22: =E22+28 -> 46273
B23: 19 | C23: 27.4 | E23: 46243 | F23: 55/8 | G23: 9 | H23: 55/7 | I23: 9.5 | J23: 55/6 | K23: 9.5 | N23: =G23+I23+K23+M23 -> 28 | O23: =N23-C23 -> 0.6 | P23: =E23+7 -> 46250 | Q23: =E23+14 -> 46257 | R23: =E23+28 -> 46271
B24: 20 | C24: 27.4 | E24: 46246 | F24: 58/15 | G24: 9 | H24: 58/14 | I24: 9.5 | J24: 58/13 | K24: 9.5 | N24: =G24+I24+K24+M24 -> 28 | O24: =N24-C24 -> 0.6 | P24: =E24+7 -> 46253 | Q24: =E24+14 -> 46260 | R24: =E24+28 -> 46274
B25: 21 | C25: 27.4 | E25: 46247 | F25: 59/14 | G25: 9.5 | H25: 59/13 | I25: 9.5 | J25: 59/15 | K25: 9 | N25: =G25+I25+K25+M25 -> 28 | O25: =N25-C25 -> 0.6 | P25: =E25+7 -> 46254 | Q25: =E25+14 -> 46261 | R25: =E25+28 -> 46275
B26: 22 | C26: 27.4 | E26: 46250 | N26: =G26+I26+K26+M26 -> 0 | O26: =N26-C26 -> -27.4 | P26: =E26+7 -> 46257 | Q26: =E26+14 -> 46264 | R26: =E26+28 -> 46278
B27: 23 | C27: 27.4 | E27: 46249 | N27: =G27+I27+K27+M27 -> 0 | O27: =N27-C27 -> -27.4 | P27: =E27+7 -> 46256 | Q27: =E27+14 -> 46263 | R27: =E27+28 -> 46277
B28: 24 | C28: 27.4 | E28: 46250 | N28: =G28+I28+K28+M28 -> 0 | O28: =N28-C28 -> -27.4 | P28: =E28+7 -> 46257 | Q28: =E28+14 -> 46264 | R28: =E28+28 -> 46278
A29: Итого | C29: =SUM(C5:D28) -> 657.6

Sheet 10
A1: ОСНОВНЫЕ БНС | C1: м3 (проект) | E1: Дата заливки | F1: ДКБС№ | G1: м3 (ДКБС) | H1: ДКБС№ | I1: м3 (ДКБС) | J1: ДКБС№ | K1: м3 (ДКБС) | L1: ДКБС№ | M1: м3 (ДКБС) | N1: Итого | O1: Разница (Проект-Факт) | P1: 7 суток (Протокол) | Q1: 14 суток (Протокол) | R1: 28 суток (Протокол) | S1: 7 суток (Протокол) Статус | T1: 14 суток (Статус) | U1: 28 суток (Протокол) Статус
A4: №ВЭУ | B4: № сваи
A5: ВЭУ-10 | B5: 1 | C5: 26.27 | N5: =G5+I5+K5+M5 -> 0 | O5: =N5-C5 -> -26.27 | P5: =E5+7 -> 7 | Q5: =E5+14 -> 14 | R5: =E5+28 -> 28
B6: 2 | C6: 26.27 | E6: 46252 | N6: =G6+I6+K6+M6 -> 0 | O6: =N6-C6 -> -26.27 | P6: =E6+7 -> 46259 | Q6: =E6+14 -> 46266 | R6: =E6+28 -> 46280
B7: 3 | C7: 26.27 | E7: 46250 | N7: =G7+I7+K7+M7 -> 0 | O7: =N7-C7 -> -26.27 | P7: =E7+7 -> 46257 | Q7: =E7+14 -> 46264 | R7: =E7+28 -> 46278 | U7: -
B8: 4 | C8: 26.27 | N8: =G8+I8+K8+M8 -> 0 | O8: =N8-C8 -> -26.27 | P8: =E8+7 -> 7 | Q8: =E8+14 -> 14 | R8: =E8+28 -> 28
B9: 5 | C9: 26.27 | E9: 46250 | N9: =G9+I9+K9+M9 -> 0 | O9: =N9-C9 -> -26.27 | P9: =E9+7 -> 46257 | Q9: =E9+14 -> 46264 | R9: =E9+28 -> 46278
B10: 6 | C10: 26.27 | E10: 46253 | N10: =G10+I10+K10+M10 -> 0 | O10: =N10-C10 -> -26.27 | P10: =E10+7 -> 46260 | Q10: =E10+14 -> 46267 | R10: =E10+28 -> 46281
B11: 7 | C11: 26.27 | E11: 46251 | N11: =G11+I11+K11+M11 -> 0 | O11: =N11-C11 -> -26.27 | P11: =E11+7 -> 46258 | Q11: =E11+14 -> 46265 | R11: =E11+28 -> 46279
B12: 8 | C12: 26.27 | E12: 46252 | N12: =G12+I12+K12+M12 -> 0 | O12: =N12-C12 -> -26.27 | P12: =E12+7 -> 46259 | Q12: =E12+14 -> 46266 | R12: =E12+28 -> 46280
B13: 9 | C13: 26.27 | E13: 46249 | N13: =G13+I13+K13+M13 -> 0 | O13: =N13-C13 -> -26.27 | P13: =E13+7 -> 46256 | Q13: =E13+14 -> 46263 | R13: =E13+28 -> 46277
B14: 10 | C14: 26.27 | N14: =G14+I14+K14+M14 -> 0 | O14: =N14-C14 -> -26.27 | P14: =E14+7 -> 7 | Q14: =E14+14 -> 14 | R14: =E14+28 -> 28
B15: 11 | C15: 26.27 | N15: =G15+I15+K15+M15 -> 0 | O15: =N15-C15 -> -26.27 | P15: =E15+7 -> 7 | Q15: =E15+14 -> 14 | R15: =E15+28 -> 28
B16: 12 | C16: 26.27 | E16: 46251 | N16: =G16+I16+K16+M16 -> 0 | O16: =N16-C16 -> -26.27 | P16: =E16+7 -> 46258 | Q16: =E16+14 -> 46265 | R16: =E16+28 -> 46279
B17: 13 | C17: 26.27 | N17: =G17+I17+K17+M17 -> 0 | O17: =N17-C17 -> -26.27 | P17: =E17+7 -> 7 | Q17: =E17+14 -> 14 | R17: =E17+28 -> 28
B18: 14 | C18: 26.27 | N18: =G18+I18+K18+M18 -> 0 | O18: =N18-C18 -> -26.27 | P18: =E18+7 -> 7 | Q18: =E18+14 -> 14 | R18: =E18+28 -> 28
B19: 15 | C19: 26.27 | N19: =G19+I19+K19+M19 -> 0 | O19: =N19-C19 -> -26.27 | P19: =E19+7 -> 7 | Q19: =E19+14 -> 14 | R19: =E19+28 -> 28
B20: 16 | C20: 26.27 | N20: =G20+I20+K20+M20 -> 0 | O20: =N20-C20 -> -26.27 | P20: =E20+7 -> 7 | Q20: =E20+14 -> 14 | R20: =E20+28 -> 28
B21: 17 | C21: 26.27 | N21: =G21+I21+K21+M21 -> 0 | O21: =N21-C21 -> -26.27 | P21: =E21+7 -> 7 | Q21: =E21+14 -> 14 | R21: =E21+28 -> 28
B22: 18 | C22: 26.27 | N22: =G22+I22+K22+M22 -> 0 | O22: =N22-C22 -> -26.27 | P22: =E22+7 -> 7 | Q22: =E22+14 -> 14 | R22: =E22+28 -> 28
B23: 19 | C23: 26.27 | N23: =G23+I23+K23+M23 -> 0 | O23: =N23-C23 -> -26.27 | P23: =E23+7 -> 7 | Q23: =E23+14 -> 14 | R23: =E23+28 -> 28
B24: 20 | C24: 26.27 | N24: =G24+I24+K24+M24 -> 0 | O24: =N24-C24 -> -26.27 | P24: =E24+7 -> 7 | Q24: =E24+14 -> 14 | R24: =E24+28 -> 28
B25: 21 | C25: 26.27 | N25: =G25+I25+K25+M25 -> 0 | O25: =N25-C25 -> -26.27 | P25: =E25+7 -> 7 | Q25: =E25+14 -> 14 | R25: =E25+28 -> 28
B26: 22 | C26: 26.27 | N26: =G26+I26+K26+M26 -> 0 | O26: =N26-C26 -> -26.27 | P26: =E26+7 -> 7 | Q26: =E26+14 -> 14 | R26: =E26+28 -> 28
B27: 23 | C27: 26.27 | N27: =G27+I27+K27+M27 -> 0 | O27: =N27-C27 -> -26.27 | P27: =E27+7 -> 7 | Q27: =E27+14 -> 14 | R27: =E27+28 -> 28
B28: 24 | C28: 26.27 | N28: =G28+I28+K28+M28 -> 0 | O28: =N28-C28 -> -26.27 | P28: =E28+7 -> 7 | Q28: =E28+14 -> 14 | R28: =E28+28 -> 28
A29: Итого | C29: =SUM(C5:D28) -> 630.48

Sheet 11
A1: ОСНОВНЫЕ БНС | C1: м3 (проект) | E1: Дата заливки | F1: ДКБС№ | G1: м3 (ДКБС) | H1: ДКБС№ | I1: м3 (ДКБС) | J1: ДКБС№ | K1: м3 (ДКБС) | L1: ДКБС№ | M1: м3 (ДКБС) | N1: Итого | O1: Разница (Проект-Факт) | P1: 7 суток (Протокол) | Q1: 14 суток (Протокол) | R1: 28 суток (Протокол) | S1: 7 суток (Протокол) Статус | T1: 14 суток (Статус) | U1: 28 суток (Протокол) Статус
A4: №ВЭУ | B4: № сваи
A5: ВЭУ-11 | B5: 1 | C5: 27.4 | E5: 46241 | F5: 53/16 | G5: 9.5 | H5: 53/17 | I5: 9.5 | J5: 53/18 | K5: 9 | N5: =G5+I5+K5+M5 -> 28 | O5: =N5-C5 -> 0.6 | P5: =E5+7 -> 46248 | Q5: =E5+14 -> 46255 | R5: =E5+28 -> 46269 | S5: +
B6: 2 | C6: 27.4 | E6: 46242 | F6: 54/28 | G6: 9 | H6: 54/27 | I6: 9.5 | J6: 54/26 | K6: 9.5 | N6: =G6+I6+K6+M6 -> 28 | O6: =N6-C6 -> 0.6 | P6: =E6+7 -> 46249 | Q6: =E6+14 -> 46256 | R6: =E6+28 -> 46270
B7: 3 | C7: 27.4 | E7: 46238 | F7: 50/30 | G7: 9 | H7: 50/29 | I7: 9.5 | J7: 50/28 | K7: 9.5 | N7: =G7+I7+K7+M7 -> 28 | O7: =N7-C7 -> 0.6 | P7: =E7+7 -> 46245 | Q7: =E7+14 -> 46252 | R7: =E7+28 -> 46266 | S7: + | U7: -
B8: 4 | C8: 27.4 | E8: 46241 | F8: 53/15 | G8: 9 | H8: 53/14 | I8: 9.5 | J8: 53/13 | K8: 9.5 | N8: =G8+I8+K8+M8 -> 28 | O8: =N8-C8 -> 0.6 | P8: =E8+7 -> 46248 | Q8: =E8+14 -> 46255 | R8: =E8+28 -> 46269 | S8: +
B9: 5 | C9: 27.4 | E9: 46238 | F9: 50/24 | G9: 9 | H9: 50/23 | I9: 9.5 | J9: 50/22 | K9: 9.5 | N9: =G9+I9+K9+M9 -> 28 | O9: =N9-C9 -> 0.6 | P9: =E9+7 -> 46245 | Q9: =E9+14 -> 46252 | R9: =E9+28 -> 46266 | S9: +
B10: 6 | C10: 27.4 | E10: 46241 | F10: 53/3 | G10: 9 | H10: 53/2 | I10: 9.5 | J10: 53/1 | K10: 9.5 | N10: =G10+I10+K10+M10 -> 28 | O10: =N10-C10 -> 0.6 | P10: =E10+7 -> 46248 | Q10: =E10+14 -> 46255 | R10: =E10+28 -> 46269 | S10: +
B11: 7 | C11: 27.4 | E11: 46238 | F11: 50/18 | G11: 9 | H11: 50/17 | I11: 9.5 | J11: 50/16 | K11: 9.5 | N11: =G11+I11+K11+M11 -> 28 | O11: =N11-C11 -> 0.6 | P11: =E11+7 -> 46245 | Q11: =E11+14 -> 46252 | R11: =E11+28 -> 46266 | S11: +
B12: 8 | C12: 27.4 | E12: 46239 | F12: 51/33 | G12: 9 | H12: 51/32 | I12: 9.5 | J12: 51/31 | K12: 9.5 | N12: =G12+I12+K12+M12 -> 28 | O12: =N12-C12 -> 0.6 | P12: =E12+7 -> 46246 | Q12: =E12+14 -> 46253 | R12: =E12+28 -> 46267 | S12: +
B13: 9 | C13: 27.4 | E13: 46237 | F13: 49/18 | G13: 9 | H13: 49/17 | I13: 9.5 | J13: 49/16 | K13: 9.5 | N13: =G13+I13+K13+M13 -> 28 | O13: =N13-C13 -> 0.6 | P13: =E13+7 -> 46244 | Q13: =E13+14 -> 46251 | R13: =E13+28 -> 46265 | S13: +
B14: 10 | C14: 27.4 | E14: 46239 | F14: 51/18 | G14: 9 | H14: 51/17 | I14: 9.5 | J14: 51/16 | K14: 9.5 | N14: =G14+I14+K14+M14 -> 28 | O14: =N14-C14 -> 0.6 | P14: =E14+7 -> 46246 | Q14: =E14+14 -> 46253 | R14: =E14+28 -> 46267 | S14: +
B15: 11 | C15: 27.4 | E15: 46238 | F15: 50/12 | G15: 9.5 | H15: 50/11 | I15: 9.5 | J15: 50/10 | K15: 9 | N15: =G15+I15+K15+M15 -> 28 | O15: =N15-C15 -> 0.6 | P15: =E15+7 -> 46245 | Q15: =E15+14 -> 46252 | R15: =E15+28 -> 46266 | S15: +
B16: 12 | C16: 27.4 | E16: 46239 | F16: 51/34 | G16: 9.5 | H16: 51/35 | I16: 9.5 | J16: 51/36 | K16: 9 | N16: =G16+I16+K16+M16 -> 28 | O16: =N16-C16 -> 0.6 | P16: =E16+7 -> 46246 | Q16: =E16+14 -> 46253 | R16: =E16+28 -> 46267 | S16: +
B17: 13 | C17: 27.4 | E17: 46239 | F17: 51/12 | G17: 9 | H17: 51/11 | I17: 9.5 | J17: 51/10 | K17: 9.5 | N17: =G17+I17+K17+M17 -> 28 | O17: =N17-C17 -> 0.6 | P17: =E17+7 -> 46246 | Q17: =E17+14 -> 46253 | R17: =E17+28 -> 46267 | S17: +
B18: 14 | C18: 27.4 | E18: 46240 | F18: 52/16 | G18: 9 | H18: 52/15 | I18: 9.5 | J18: 52/14 | K18: 9 | N18: =G18+I18+K18+M18 -> 27.5 | O18: =N18-C18 -> 0.1 | P18: =E18+7 -> 46247 | Q18: =E18+14 -> 46254 | R18: =E18+28 -> 46268 | S18: +
B19: 15 | C19: 27.4 | E19: 46242 | F19: 54/31 | G19: 9 | H19: 54/29 | I19: 9.5 | J19: 54/30 | K19: 9.5 | N19: =G19+I19+K19+M19 -> 28 | O19: =N19-C19 -> 0.6 | P19: =E19+7 -> 46249 | Q19: =E19+14 -> 46256 | R19: =E19+28 -> 46270
B20: 16 | C20: 27.4 | E20: 46241 | F20: 53/32 | G20: 9.5 | H20: 53/33 | I20: 9.5 | J20: 53/34 | K20: 9 | N20: =G20+I20+K20+M20 -> 28 | O20: =N20-C20 -> 0.6 | P20: =E20+7 -> 46248 | Q20: =E20+14 -> 46255 | R20: =E20+28 -> 46269 | S20: +
B21: 17 | C21: 27.4 | E21: 46243 | F21: 55/17 | G21: 9 | H21: 55/10 | I21: 9.5 | J21: 55/9 | K21: 9.5 | N21: =G21+I21+K21+M21 -> 28 | O21: =N21-C21 -> 0.6 | P21: =E21+7 -> 46250 | Q21: =E21+14 -> 46257 | R21: =E21+28 -> 46271
B22: 18 | C22: 27.4 | E22: 46242 | F22: 54/1 | G22: 9.5 | H22: 54/2 | I22: 9.5 | J22: 54/3 | K22: 9 | N22: =G22+I22+K22+M22 -> 28 | O22: =N22-C22 -> 0.6 | P22: =E22+7 -> 46249 | Q22: =E22+14 -> 46256 | R22: =E22+28 -> 46270
B23: 19 | C23: 27.4 | E23: 46243 | F23: 55/37 | G23: 9 | H23: 55/36 | I23: 9.5 | J23: 55/35 | K23: 9.5 | N23: =G23+I23+K23+M23 -> 28 | O23: =N23-C23 -> 0.6 | P23: =E23+7 -> 46250 | Q23: =E23+14 -> 46257 | R23: =E23+28 -> 46271
B24: 20 | C24: 27.4 | E24: 46245 | F24: 57/15 | G24: 9 | H24: 57/14 | I24: 9.5 | J24: 57/13 | K24: 9.5 | N24: =G24+I24+K24+M24 -> 28 | O24: =N24-C24 -> 0.6 | P24: =E24+7 -> 46252 | Q24: =E24+14 -> 46259 | R24: =E24+28 -> 46273
B25: 21 | C25: 27.4 | E25: 46244 | F25: 56/16 | G25: 9.5 | H25: 56/17 | I25: 9.5 | J25: 56/18 | K25: 9 | N25: =G25+I25+K25+M25 -> 28 | O25: =N25-C25 -> 0.6 | P25: =E25+7 -> 46251 | Q25: =E25+14 -> 46258 | R25: =E25+28 -> 46272
B26: 22 | C26: 27.4 | E26: 46243 | F26: 55/30 | G26: 9 | H26: 55/29 | I26: 9.5 | J26: 55/28 | K26: 9.5 | N26: =G26+I26+K26+M26 -> 28 | O26: =N26-C26 -> 0.6 | P26: =E26+7 -> 46250 | Q26: =E26+14 -> 46257 | R26: =E26+28 -> 46271
B27: 23 | C27: 27.4 | E27: 46242 | F27: 54/11 | G27: 9.5 | H27: 54/10 | I27: 9.5 | J27: 54/12 | K27: 9 | N27: =G27+I27+K27+M27 -> 28 | O27: =N27-C27 -> 0.6 | P27: =E27+7 -> 46249 | Q27: =E27+14 -> 46256 | R27: =E27+28 -> 46270
B28: 24 | C28: 27.4 | E28: 46243 | F28: 55/17 | G28: 9 | H28: 55/16 | I28: 9 | J28: 55/15 | K28: 9 | N28: =G28+I28+K28+M28 -> 27 | O28: =N28-C28 -> -0.4 | P28: =E28+7 -> 46250 | Q28: =E28+14 -> 46257 | R28: =E28+28 -> 46271
A29: Итого | C29: =SUM(C5:D28) -> 657.6

Sheet 12
A1: ОСНОВНЫЕ БНС | C1: м3 (проект) | E1: Дата заливки | F1: ДКБС№ | G1: м3 (ДКБС) | H1: ДКБС№ | I1: м3 (ДКБС) | J1: ДКБС№ | K1: м3 (ДКБС) | L1: ДКБС№ | M1: м3 (ДКБС) | N1: Итого | O1: Разница (Проект-Факт) | P1: 7 суток (Протокол) | Q1: 14 суток (Протокол) | R1: 28 суток (Протокол) | S1: 7 суток (Протокол) Статус | T1: 14 суток (Статус) | U1: 28 суток (Протокол) Статус | V1: Фото геологии
A4: №ВЭУ | B4: № сваи
A5: ВЭУ-12 | B5: 1 | C5: 26.27 | E5: 46217 | F5: №29/7 | G5: 10 | H5: №29/8 | I5: 9 | J5: №29/9 | K5: 9 | N5: =G5+I5+K5+M5 -> 28 | O5: =N5-C5 -> 1.73 | P5: =E5+7 -> 46224 | Q5: =E5+14 -> 46231 | R5: =E5+28 -> 46245 | S5: + | T5: + | U5: +
B6: 2 | C6: 26.27 | E6: 46228 | F6: №40/12 | G6: 9 | H6: №40/11 | I6: 9 | J6: №40/10 | K6: 9 | N6: =G6+I6+K6+M6 -> 27 | O6: =N6-C6 -> 0.73 | P6: =E6+7 -> 46235 | Q6: =E6+14 -> 46242 | R6: =E6+28 -> 46256 | S6: +
B7: 3 | C7: 26.27 | E7: 46225 | F7: 37/9 | G7: 9 | H7: 37/8 | I7: 9 | J7: 37/7 | K7: 9 | N7: =G7+I7+K7+M7 -> 27 | O7: =N7-C7 -> 0.73 | P7: =E7+7 -> 46232 | Q7: =E7+14 -> 46239 | R7: =E7+28 -> 46253 | S7: +
B8: 4 | C8: 26.27 | E8: 46234 | F8: №46/12 | G8: 9 | H8: №46/11 | I8: 9.5 | J8: №46/10 | K8: 9.5 | N8: =G8+I8+K8+M8 -> 28 | O8: =N8-C8 -> 1.73 | P8: =E8+7 -> 46241 | Q8: =E8+14 -> 46248 | R8: =E8+28 -> 46262 | S8: +
B9: 5 | C9: 26.27 | E9: 46246 | F9: 58/36 | G9: 9 | H9: 58/35 | I9: 9 | J9: 58/34 | K9: 9 | N9: =G9+I9+K9+M9 -> 27 | O9: =N9-C9 -> 0.73 | P9: =E9+7 -> 46253 | Q9: =E9+14 -> 46260 | R9: =E9+28 -> 46274
B10: 6 | C10: 26.27 | E10: 46245 | F10: 57/8 | G10: 10 | H10: 57/7 | I10: 12 | J10: 57/16 | K10: 10 | L10: 57/9 | M10: 10 | N10: =G10+I10+K10+M10 -> 42 | O10: =N10-C10 -> 15.73 | P10: =E10+7 -> 46252 | Q10: =E10+14 -> 46259 | R10: =E10+28 -> 46273
B11: 7 | C11: 26.27 | E11: 46214 | F11: №26/9 | G11: 9 | H11: №26/10 | I11: 9 | J11: №26/11 | K11: 9 | N11: =G11+I11+K11+M11 -> 27 | O11: =N11-C11 -> 0.73 | P11: =E11+7 -> 46221 | Q11: =E11+14 -> 46228 | R11: =E11+28 -> 46242 | S11: + | T11: + | U11: +
B12: 8 | C12: 26.27 | E12: 46227 | F12: №39/9 | G12: 9 | H12: №39/8 | I12: 9 | J12: №39/7 | K12: 9 | N12: =G12+I12+K12+M12 -> 27 | O12: =N12-C12 -> 0.73 | P12: =E12+7 -> 46234 | Q12: =E12+14 -> 46241 | R12: =E12+28 -> 46255 | S12: + | T12: +
B13: 9 | C13: 26.27 | E13: 46219 | F13: №31/1 | G13: 9.5 | H13: №31/2 | I13: 9.5 | J13: №31/3 | K13: 9 | N13: =G13+I13+K13+M13 -> 28 | O13: =N13-C13 -> 1.73 | P13: =E13+7 -> 46226 | Q13: =E13+14 -> 46233 | R13: =E13+28 -> 46247 | S13: + | T13: + | U13: +
B14: 10 | C14: 26.27 | E14: 46225 | F14: 37/16 | G14: 9 | H14: 37/17 | I14: 9 | J14: 37/18 | K14: 9 | N14: =G14+I14+K14+M14 -> 27 | O14: =N14-C14 -> 0.73 | P14: =E14+7 -> 46232 | Q14: =E14+14 -> 46239 | R14: =E14+28 -> 46253 | S14: + | T14: +
B15: 11 | C15: 26.27 | E15: 46219 | F15: №31/10 | G15: 10 | H15: №31/11 | I15: 9 | J15: №31/12 | K15: 9 | N15: =G15+I15+K15+M15 -> 28 | O15: =N15-C15 -> 1.73 | P15: =E15+7 -> 46226 | Q15: =E15+14 -> 46233 | R15: =E15+28 -> 46247 | S15: + | T15: + | U15: +
B16: 12 | C16: 26.27 | E16: 46224 | F16: 36/16 | G16: 9 | H16: 36/17 | I16: 9 | J16: 36/18 | K16: 9 | N16: =G16+I16+K16+M16 -> 27 | O16: =N16-C16 -> 0.73 | P16: =E16+7 -> 46231 | Q16: =E16+14 -> 46238 | R16: =E16+28 -> 46252 | S16: + | T16: +
B17: 13 | C17: 26.27 | E17: 46218 | F17: №30/9 | G17: 10 | H17: №30/10 | I17: 9 | J17: №30/11 | K17: 10 | N17: =G17+I17+K17+M17 -> 29 | O17: =N17-C17 -> 2.73 | P17: =E17+7 -> 46225 | Q17: =E17+14 -> 46232 | R17: =E17+28 -> 46246 | S17: + | T17: + | U17: +
B18: 14 | C18: 26.27 | E18: 46228 | F18: №40/28 | G18: 9 | H18: №40/27 | I18: 9 | J18: №40/26 | K18: 9 | N18: =G18+I18+K18+M18 -> 27 | O18: =N18-C18 -> 0.73 | P18: =E18+7 -> 46235 | Q18: =E18+14 -> 46242 | R18: =E18+28 -> 46256 | S18: + | T18: +
B19: 15 | C19: 26.27 | E19: 46223 | F19: 35/7 | G19: 9 | H19: 35/8 | I19: 9 | J19: 35/9 | K19: 9 | N19: =G19+I19+K19+M19 -> 27 | O19: =N19-C19 -> 0.73 | P19: =E19+7 -> 46230 | Q19: =E19+14 -> 46237 | R19: =E19+28 -> 46251 | S19: + | T19: +
B20: 16 | C20: 26.27 | E20: 46226 | F20: 38/6 | G20: 9 | H20: 38/5 | I20: 9 | J20: 38/4 | K20: 9 | N20: =G20+I20+K20+M20 -> 27 | O20: =N20-C20 -> 0.73 | P20: =E20+7 -> 46233 | Q20: =E20+14 -> 46240 | R20: =E20+28 -> 46254 | S20: + | T20: +
B21: 17 | C21: 26.27 | E21: 46215 | F21: №27/7 | G21: 9 | H21: №27/8 | I21: 9 | J21: №27/9 | K21: 9 | L21: №27/10 | M21: 4.5 | N21: =G21+I21+K21+M21 -> 31.5 | O21: =N21-C21 -> 5.23 | P21: =E21+7 -> 46222 | Q21: =E21+14 -> 46229 | R21: =E21+28 -> 46243 | S21: + | T21: + | U21: +
B22: 18 | C22: 26.27 | E22: 46227 | F22: №39/25 | G22: 3 | H22: №39/24 | I22: 9 | J22: №39/23 | K22: 9 | L22: №39/22 | M22: 9 | N22: =G22+I22+K22+M22 -> 30 | O22: =N22-C22 -> 3.73 | P22: =E22+7 -> 46234 | Q22: =E22+14 -> 46241 | R22: =E22+28 -> 46255 | S22: + | T22: +
B23: 19 | C23: 26.27 | E23: 46232 | F23: №44/3 | G23: 9 | H23: №44/2 | I23: 9 | J23: №44/1 | K23: 9 | N23: =G23+I23+K23+M23 -> 27 | O23: =N23-C23 -> 0.73 | P23: =E23+7 -> 46239 | Q23: =E23+14 -> 46246 | R23: =E23+28 -> 46260 | S23: + | T23: +
B24: 20 | C24: 26.27 | E24: 46235 | F24: №47/3 | G24: 9 | H24: №47/2 | I24: 9 | J24: №47/1 | K24: 9 | N24: =G24+I24+K24+M24 -> 27 | O24: =N24-C24 -> 0.73 | P24: =E24+7 -> 46242 | Q24: =E24+14 -> 46249 | R24: =E24+28 -> 46263
B25: 21 | C25: 26.27 | E25: 46232 | F25: №44/19 | G25: 10 | H25: №44/20 | I25: 10 | J25: №44/21 | K25: 10 | L25: №44/29, №44/28 | M25: =1.5+3 -> 4.5 | N25: =G25+I25+K25+M25 -> 34.5 | O25: =N25-C25 -> 8.23 | P25: =E25+7 -> 46239 | Q25: =E25+14 -> 46246 | R25: =E25+28 -> 46260 | S25: + | T25: +
B26: 22 | C26: 26.27 | E26: 46224 | F26: 36/4 | G26: 9 | H26: 36/5 | I26: 9 | J26: 36/6 | K26: 9 | N26: =G26+I26+K26+M26 -> 27 | O26: =N26-C26 -> 0.73 | P26: =E26+7 -> 46231 | Q26: =E26+14 -> 46238 | R26: =E26+28 -> 46252 | S26: + | T26: +
B27: 23 | C27: 26.27 | E27: 46218 | F27: №30/6 | G27: 9.5 | H27: №30/7 | I27: 2 | J27: №30/3 | K27: 9 | L27: №30/1 | M27: 9 | N27: =G27+I27+K27+M27 -> 29.5 | O27: =N27-C27 -> 3.23 | P27: =E27+7 -> 46225 | Q27: =E27+14 -> 46232 | R27: =E27+28 -> 46246 | S27: + | T27: + | U27: +
B28: 24 | C28: 26.27 | E28: 46226 | F28: №38/16 | G28: 9 | H28: №38/17 | I28: 9 | J28: №38/18 | K28: 9 | N28: =G28+I28+K28+M28 -> 27 | O28: =N28-C28 -> 0.73 | P28: =E28+7 -> 46233 | Q28: =E28+14 -> 46240 | R28: =E28+28 -> 46254 | S28: + | T28: +
A29: Итого | C29: =SUM(C5:D28) -> 630.48

Sheet 13
A1: ОСНОВНЫЕ БНС | C1: м3 (проект) | E1: Дата заливки | F1: ДКБС№ | G1: м3 (ДКБС) | H1: ДКБС№ | I1: м3 (ДКБС) | J1: ДКБС№ | K1: м3 (ДКБС) | L1: ДКБС№ | M1: м3 (ДКБС) | N1: Итого | O1: Разница (Проект-Факт) | P1: 7 суток (Протокол) | Q1: 14 суток (Протокол) | R1: 28 суток (Протокол) | S1: 7 суток (Протокол) Статус | T1: 14 суток (Статус) | U1: 28 суток (Протокол) Статус
A4: №ВЭУ | B4: № сваи
A5: ВЭУ-13 | B5: 1 | C5: 26.27 | E5: 46233 | F5: №45/4 | G5: 9 | H5: №45/5 | I5: 9 | J5: №45/6 | K5: 9 | N5: =G5+I5+K5+M5 -> 27 | O5: =N5-C5 -> 0.73 | P5: =E5+7 -> 46240 | Q5: =E5+14 -> 46247 | R5: =E5+28 -> 46261 | S5: + | T5: +
B6: 2 | C6: 26.27 | E6: 46217 | F6: №29/3 | G6: 9 | H6: №29/4 | I6: 8.5 | J6: №29/1 | K6: 9 | N6: =G6+I6+K6+M6 -> 26.5 | O6: =N6-C6 -> 0.23 | P6: =E6+7 -> 46224 | Q6: =E6+14 -> 46231 | R6: =E6+28 -> 46245 | S6: + | T6: + | U6: +
B7: 3 | C7: 26.27 | E7: 46229 | F7: №41/12 | G7: 9 | H7: №41/11 | I7: 9 | J7: №41/10 | K7: 9 | N7: =G7+I7+K7+M7 -> 27 | O7: =N7-C7 -> 0.73 | P7: =E7+7 -> 46236 | Q7: =E7+14 -> 46243 | R7: =E7+28 -> 46257 | S7: + | T7: + | U7: -
B8: 4 | C8: 26.27 | E8: 46213 | F8: №25/16 | G8: 9 | H8: №25/17 | I8: 9 | J8: №25/18 | K8: 8.5 | N8: =G8+I8+K8+M8 -> 26.5 | O8: =N8-C8 -> 0.23 | P8: =E8+7 -> 46220 | Q8: =E8+14 -> 46227 | R8: =E8+28 -> 46241 | S8: + | T8: + | U8: +
B9: 5 | C9: 26.27 | E9: 46228 | F9: №40/3 | G9: 9 | H9: №40/2 | I9: 9 | J9: №40/1 | K9: 9 | N9: =G9+I9+K9+M9 -> 27 | O9: =N9-C9 -> 0.73 | P9: =E9+7 -> 46235 | Q9: =E9+14 -> 46242 | R9: =E9+28 -> 46256 | S9: + | T9: +
B10: 6 | C10: 26.27 | E10: 46213 | F10: №25/6 | G10: 9 | H10: №25/4 | I10: 9 | J10: №25/3 | K10: 9 | N10: =G10+I10+K10+M10 -> 27 | O10: =N10-C10 -> 0.73 | P10: =E10+7 -> 46220 | Q10: =E10+14 -> 46227 | R10: =E10+28 -> 46241 | S10: + | T10: + | U10: +
B11: 7 | C11: 26.27 | E11: 46227 | F11: №39/15 | G11: 9 | H11: №39/14 | I11: 9 | J11: №39/13 | K11: 9 | N11: =G11+I11+K11+M11 -> 27 | O11: =N11-C11 -> 0.73 | P11: =E11+7 -> 46234 | Q11: =E11+14 -> 46241 | R11: =E11+28 -> 46255 | S11: + | T11: +
B12: 8 | C12: 26.27 | E12: 46215 | F12: №27/4 | G12: 9 | H12: №27/5 | I12: 9 | J12: №27/6 | K12: 8.5 | N12: =G12+I12+K12+M12 -> 26.5 | O12: =N12-C12 -> 0.23 | P12: =E12+7 -> 46222 | Q12: =E12+14 -> 46229 | R12: =E12+28 -> 46243 | S12: + | T12: + | U12: +
B13: 9 | C13: 26.27 | E13: 46229 | F13: №41/21 | G13: 9 | H13: №41/20 | I13: 9 | J13: №41/19 | K13: 9 | N13: =G13+I13+K13+M13 -> 27 | O13: =N13-C13 -> 0.73 | P13: =E13+7 -> 46236 | Q13: =E13+14 -> 46243 | R13: =E13+28 -> 46257 | S13: + | T13: +
B14: 10 | C14: 26.27 | E14: 46218 | F14: №30/4 | G14: 9 | H14: №30/5 | I14: 9 | J14: №30/2 | K14: 9 | N14: =G14+I14+K14+M14 -> 27 | O14: =N14-C14 -> 0.73 | P14: =E14+7 -> 46225 | Q14: =E14+14 -> 46232 | R14: =E14+28 -> 46246 | S14: + | T14: + | U14: +
B15: 11 | C15: 26.27 | E15: 46214 | F15: №26/4 | G15: 16 | H15: №26/5 | I15: 10.5 | N15: =G15+I15+K15+M15 -> 26.5 | O15: =N15-C15 -> 0.23 | P15: =E15+7 -> 46221 | Q15: =E15+14 -> 46228 | R15: =E15+28 -> 46242 | S15: + | T15: + | U15: +
B16: 12 | C16: 26.27 | E16: 46217 | F16: №29/10 | G16: 9 | H16: №29/11 | I16: 9 | J16: №29/12 | K16: 8.5 | N16: =G16+I16+K16+M16 -> 26.5 | O16: =N16-C16 -> 0.23 | P16: =E16+7 -> 46224 | Q16: =E16+14 -> 46231 | R16: =E16+28 -> 46245 | S16: + | T16: + | U16: +
B17: 13 | C17: 26.27 | E17: 46231 | F17: №43/3 | G17: 9 | H17: №43/2 | I17: 9 | J17: №43/1 | K17: 9 | N17: =G17+I17+K17+M17 -> 27 | O17: =N17-C17 -> 0.73 | P17: =E17+7 -> 46238 | Q17: =E17+14 -> 46245 | R17: =E17+28 -> 46259 | S17: + | T17: +
B18: 14 | C18: 26.27 | E18: 46228 | F18: №40/19 | G18: 9 | H18: №40/18 | I18: 9 | J18: №40/17 | K18: 9 | N18: =G18+I18+K18+M18 -> 27 | O18: =N18-C18 -> 0.73 | P18: =E18+7 -> 46235 | Q18: =E18+14 -> 46242 | R18: =E18+28 -> 46256 | S18: + | T18: +
B19: 15 | C19: 26.27 | E19: 46231 | F19: №43/12 | G19: 9 | H19: №43/11 | I19: 9 | J19: №43/10 | K19: 9 | N19: =G19+I19+K19+M19 -> 27 | O19: =N19-C19 -> 0.73 | P19: =E19+7 -> 46238 | Q19: =E19+14 -> 46245 | R19: =E19+28 -> 46259 | S19: + | T19: +
B20: 16 | C20: 26.27 | E20: 46232 | F20: №44/15 | G20: 9 | H20: №44/14 | I20: 9 | J20: №44/13 | K20: 9 | N20: =G20+I20+K20+M20 -> 27 | O20: =N20-C20 -> 0.73 | P20: =E20+7 -> 46239 | Q20: =E20+14 -> 46246 | R20: =E20+28 -> 46260 | S20: + | T20: +
B21: 17 | C21: 26.27 | E21: 46230 | F21: №42/16 | G21: 9 | H21: №42/15 | I21: 9 | J21: №42/14 | K21: 9 | N21: =G21+I21+K21+M21 -> 27 | O21: =N21-C21 -> 0.73 | P21: =E21+7 -> 46237 | Q21: =E21+14 -> 46244 | R21: =E21+28 -> 46258 | S21: + | T21: +
B22: 18 | C22: 26.27 | E22: 46231 | F22: №43/24 | G22: 9 | H22: №43/23 | I22: 9 | J22: №43/22 | K22: 9 | N22: =G22+I22+K22+M22 -> 27 | O22: =N22-C22 -> 0.73 | P22: =E22+7 -> 46238 | Q22: =E22+14 -> 46245 | R22: =E22+28 -> 46259 | S22: + | T22: +
B23: 19 | C23: 26.27 | E23: 46232 | F23: №44/27 | G23: 9 | H23: №44/26 | I23: 9 | J23: №44/25 | K23: 9 | N23: =G23+I23+K23+M23 -> 27 | O23: =N23-C23 -> 0.73 | P23: =E23+7 -> 46239 | Q23: =E23+14 -> 46246 | R23: =E23+28 -> 46260 | S23: + | T23: +
B24: 20 | C24: 26.27 | E24: 46232 | F24: №44/12 | G24: 9 | H24: №44/11 | I24: 9 | J24: №44/10 | K24: 9 | N24: =G24+I24+K24+M24 -> 27 | O24: =N24-C24 -> 0.73 | P24: =E24+7 -> 46239 | Q24: =E24+14 -> 46246 | R24: =E24+28 -> 46260 | S24: + | T24: +
B25: 21 | C25: 26.27 | E25: 46233 | F25: №45/16 | G25: 9 | H25: №45/17 | I25: 9 | J25: №45/18 | K25: 9 | N25: =G25+I25+K25+M25 -> 27 | O25: =N25-C25 -> 0.73 | P25: =E25+7 -> 46240 | Q25: =E25+14 -> 46247 | R25: =E25+28 -> 46261 | S25: + | T25: +
B26: 22 | C26: 26.27 | E26: 46233 | F26: №45/10 | G26: 9 | H26: №45/11 | I26: 9 | J26: №45/12 | K26: 9 | N26: =G26+I26+K26+M26 -> 27 | O26: =N26-C26 -> 0.73 | P26: =E26+7 -> 46240 | Q26: =E26+14 -> 46247 | R26: =E26+28 -> 46261 | S26: + | T26: +
B27: 23 | C27: 26.27 | E27: 46230 | F27: №42/3 | G27: 9 | H27: №42/2 | I27: 9 | J27: №42/1 | K27: 9 | N27: =G27+I27+K27+M27 -> 27 | O27: =N27-C27 -> 0.73 | P27: =E27+7 -> 46237 | Q27: =E27+14 -> 46244 | R27: =E27+28 -> 46258 | S27: + | T27: +
B28: 24 | C28: 26.27 | E28: 46231 | F28: №43/18 | G28: 9 | H28: №43/17 | I28: 9 | J28: №43/16 | K28: 9 | N28: =G28+I28+K28+M28 -> 27 | O28: =N28-C28 -> 0.73 | P28: =E28+7 -> 46238 | Q28: =E28+14 -> 46245 | R28: =E28+28 -> 46259 | S28: + | T28: +
A29: Итого | C29: =SUM(C5:D28) -> 630.48

Sheet 14
A1: ОСНОВНЫЕ БНС | C1: м3 (проект) | E1: Дата заливки | F1: ДКБС№ | G1: м3 (ДКБС) | H1: ДКБС№ | I1: м3 (ДКБС) | J1: ДКБС№ | K1: м3 (ДКБС) | L1: ДКБС№ | M1: м3 (ДКБС) | N1: Итого | O1: Разница (Проект-Факт) | P1: 7 суток (Протокол) | Q1: 14 суток (Протокол) | R1: 28 суток (Протокол) | S1: 7 суток (Протокол) Статус | T1: 14 суток (Статус) | U1: 28 суток (Протокол) Статус
A4: №ВЭУ | B4: № сваи
A5: ВЭУ-14 | B5: 1 | C5: 26.27 | E5: 46213 | F5: 25/13 | G5: 10 | H5: 25/14 | I5: 9 | J5: 25/15 | K5: 9 | N5: =G5+I5+K5+M5 -> 28 | O5: =N5-C5 -> 1.73 | P5: =E5+7 -> 46220 | Q5: =E5+14 -> 46227 | R5: =E5+28 -> 46241 | S5: + | T5: + | U5: +
B6: 2 | C6: 26.27 | E6: 46224 | F6: 36/19 | G6: 9 | H6: 36/20 | I6: 9 | J6: 36/21 | K6: 9 | N6: =G6+I6+K6+M6 -> 27 | O6: =N6-C6 -> 0.73 | P6: =E6+7 -> 46231 | Q6: =E6+14 -> 46238 | R6: =E6+28 -> 46252 | S6: + | T6: +
B7: 3 | C7: 26.27 | E7: 46228 | F7: №40/25 | G7: 9 | H7: №40/24 | I7: 9 | J7: №40/23 | K7: 9 | N7: =G7+I7+K7+M7 -> 27 | O7: =N7-C7 -> 0.73 | P7: =E7+7 -> 46235 | Q7: =E7+14 -> 46242 | R7: =E7+28 -> 46256 | S7: + | T7: + | U7: -
B8: 4 | C8: 26.27 | E8: 46225 | F8: №37/1 | G8: 9 | H8: №37/2 | I8: 9 | J8: №37/3 | K8: 9 | N8: =G8+I8+K8+M8 -> 27 | O8: =N8-C8 -> 0.73 | P8: =E8+7 -> 46232 | Q8: =E8+14 -> 46239 | R8: =E8+28 -> 46253 | S8: + | T8: +
B9: 5 | C9: 26.27 | E9: 46219 | F9: 31/4 | G9: 9.5 | H9: №31/5 | I9: 9 | J9: №31/6 | K9: 9 | N9: =G9+I9+K9+M9 -> 27.5 | O9: =N9-C9 -> 1.23 | P9: =E9+7 -> 46226 | Q9: =E9+14 -> 46233 | R9: =E9+28 -> 46247 | S9: + | T9: + | U9: +
B10: 6 | C10: 26.27 | E10: 46214 | F10: №26/1 | G10: 10 | H10: №26/2 | I10: 10 | J10: №26/3 | K10: 8 | N10: =G10+I10+K10+M10 -> 28 | O10: =N10-C10 -> 1.73 | P10: =E10+7 -> 46221 | Q10: =E10+14 -> 46228 | R10: =E10+28 -> 46242 | S10: + | T10: + | U10: +
B11: 7 | C11: 26.27 | E11: 46212 | F11: №24/5 | G11: 2.5 | H11: №24/3 | I11: 7 | J11: №24/2 | K11: 7 | L11: №24/1№24/4 | M11: =7+6 -> 13 | N11: =G11+I11+K11+M11 -> 29.5 | O11: =N11-C11 -> 3.23 | P11: =E11+7 -> 46219 | Q11: =E11+14 -> 46226 | R11: =E11+28 -> 46240 | S11: + | T11: +
B12: 8 | C12: 26.27 | E12: 46214 | F12: №26/6 | G12: 9 | H12: №26/7 | I12: 9.5 | J12: №26/8 | K12: 9 | N12: =G12+I12+K12+M12 -> 27.5 | O12: =N12-C12 -> 1.23 | P12: =E12+7 -> 46221 | Q12: =E12+14 -> 46228 | R12: =E12+28 -> 46242 | S12: + | T12: + | U12: +
B13: 9 | C13: 26.27 | E13: 46226 | F13: 38/3 | G13: 9 | H13: 38/2 | I13: 9 | J13: 38/1 | K13: 9 | N13: =G13+I13+K13+M13 -> 27 | O13: =N13-C13 -> 0.73 | P13: =E13+7 -> 46233 | Q13: =E13+14 -> 46240 | R13: =E13+28 -> 46254 | S13: + | T13: +
B14: 10 | C14: 26.27 | E14: 46227 | F14: №39/6 | G14: 9 | H14: №39/5 | I14: 9 | J14: №39/4 | K14: 9 | N14: =G14+I14+K14+M14 -> 27 | O14: =N14-C14 -> 0.73 | P14: =E14+7 -> 46234 | Q14: =E14+14 -> 46241 | R14: =E14+28 -> 46255 | S14: + | T14: +
B15: 11 | C15: 26.27 | E15: 46228 | F15: №40/9 | G15: 9 | H15: №40/8 | I15: 9 | J15: №40/7 | K15: 9 | N15: =G15+I15+K15+M15 -> 27 | O15: =N15-C15 -> 0.73 | P15: =E15+7 -> 46235 | Q15: =E15+14 -> 46242 | R15: =E15+28 -> 46256 | S15: + | T15: +
B16: 12 | C16: 26.27 | E16: 46235 | F16: №47/9 | G16: 9 | H16: №47/8 | I16: 9 | J16: №47/7 | K16: 9 | N16: =G16+I16+K16+M16 -> 27 | O16: =N16-C16 -> 0.73 | P16: =E16+7 -> 46242 | Q16: =E16+14 -> 46249 | R16: =E16+28 -> 46263 | S16: +
B17: 13 | C17: 26.27 | E17: 46213 | F17: №25/7 | G17: 9 | H17: №25/8 | I17: 10 | J17: №25/9 | K17: 10 | N17: =G17+I17+K17+M17 -> 29 | O17: =N17-C17 -> 2.73 | P17: =E17+7 -> 46220 | Q17: =E17+14 -> 46227 | R17: =E17+28 -> 46241 | S17: + | T17: + | U17: +
B18: 14 | C18: 26.27 | E18: 46234 | F18: №46/16 | G18: 9 | H18: №46/17 | I18: 9 | J18: №46/18 | K18: 9 | L18: №46/19 | M18: 2 | N18: =G18+I18+K18+M18 -> 29 | O18: =N18-C18 -> 2.73 | P18: =E18+7 -> 46241 | Q18: =E18+14 -> 46248 | R18: =E18+28 -> 46262 | S18: + | T18: +
B19: 15 | C19: 26.27 | E19: 46233 | F19: №45/19 | G19: 9 | H19: №45/20 | I19: 9 | J19: №45/21 | K19: 9 | L19: 45/25 | M19: 2.5 | N19: =G19+I19+K19+M19 -> 29.5 | O19: =N19-C19 -> 3.23 | P19: =E19+7 -> 46240 | Q19: =E19+14 -> 46247 | R19: =E19+28 -> 46261 | S19: + | T19: +
B20: 16 | C20: 26.27 | E20: 46226 | F20: 38/15 | G20: 9 | H20: 38/14 | I20: 9 | J20: 38/13 | K20: 9 | N20: =G20+I20+K20+M20 -> 27 | O20: =N20-C20 -> 0.73 | P20: =E20+7 -> 46233 | Q20: =E20+14 -> 46240 | R20: =E20+28 -> 46254 | S20: + | T20: +
B21: 17 | C21: 26.27 | E21: 46227 | F21: №39/21 | G21: 9 | H21: №39/20 | I21: 9 | J21: №39/19 | K21: 9 | N21: =G21+I21+K21+M21 -> 27 | O21: =N21-C21 -> 0.73 | P21: =E21+7 -> 46234 | Q21: =E21+14 -> 46241 | R21: =E21+28 -> 46255 | S21: + | T21: +
B22: 18 | C22: 26.27 | E22: 46225 | F22: №37/10 | G22: 9 | H22: №37/11 | I22: 9 | J22: №37/12 | K22: 9 | N22: =G22+I22+K22+M22 -> 27 | O22: =N22-C22 -> 0.73 | P22: =E22+7 -> 46232 | Q22: =E22+14 -> 46239 | R22: =E22+28 -> 46253 | S22: + | T22: +
B23: 19 | C23: 26.27 | E23: 46234 | F23: №46/19 | G23: 9 | H23: №46/8 | I23: 9 | J23: №46/7 | K23: 9 | N23: =G23+I23+K23+M23 -> 27 | O23: =N23-C23 -> 0.73 | P23: =E23+7 -> 46241 | Q23: =E23+14 -> 46248 | R23: =E23+28 -> 46262 | S23: + | T23: +
B24: 20 | C24: 26.27 | E24: 46229 | F24: №41/3 | G24: 9 | H24: №41/2 | I24: 9 | J24: №41/1 | K24: 9 | N24: =G24+I24+K24+M24 -> 27 | O24: =N24-C24 -> 0.73 | P24: =E24+7 -> 46236 | Q24: =E24+14 -> 46243 | R24: =E24+28 -> 46257 | S24: + | T24: +
B25: 21 | C25: 26.27 | E25: 46230 | F25: №42/13 | G25: 9 | H25: №42/12 | I25: 9 | J25: №42/11 | K25: 9 | N25: =G25+I25+K25+M25 -> 27 | O25: =N25-C25 -> 0.73 | P25: =E25+7 -> 46237 | Q25: =E25+14 -> 46244 | R25: =E25+28 -> 46258 | S25: + | T25: +
B26: 22 | C26: 26.27 | E26: 46229 | F26: №41/9 | G26: 9 | H26: №41/8 | I26: 9 | J26: №41/7 | K26: 9 | N26: =G26+I26+K26+M26 -> 27 | O26: =N26-C26 -> 0.73 | P26: =E26+7 -> 46236 | Q26: =E26+14 -> 46243 | R26: =E26+28 -> 46257 | S26: + | T26: +
B27: 23 | C27: 26.27 | E27: 46225 | F27: №37/22 | G27: 9 | H27: №37/23 | I27: 9 | J27: №37/24 | K27: 9 | N27: =G27+I27+K27+M27 -> 27 | O27: =N27-C27 -> 0.73 | P27: =E27+7 -> 46232 | Q27: =E27+14 -> 46239 | R27: =E27+28 -> 46253 | S27: + | T27: +
B28: 24 | C28: 26.27 | E28: 46224 | F28: 36/10 | G28: 9.5 | H28: 36/11 | I28: 9 | J28: 36/12 | K28: 9 | N28: =G28+I28+K28+M28 -> 27.5 | O28: =N28-C28 -> 1.23 | P28: =E28+7 -> 46231 | Q28: =E28+14 -> 46238 | R28: =E28+28 -> 46252 | S28: + | T28: +
A29: Итого | C29: =SUM(C5:D28) -> 630.48

Sheet 15
A1: ОСНОВНЫЕ БНС | C1: м3 (проект) | E1: Дата заливки | F1: ДКБС№ | G1: м3 (ДКБС) | H1: ДКБС№ | I1: м3 (ДКБС) | J1: ДКБС№ | K1: м3 (ДКБС) | L1: ДКБС№ | M1: м3 (ДКБС) | N1: Итого | O1: Разница (Проект-Факт) | P1: 7 суток (Протокол) | Q1: 14 суток (Протокол) | R1: 28 суток (Протокол) | S1: 7 суток (Протокол) Статус | T1: 14 суток (Статус) | U1: 28 суток (Протокол) Статус
A4: №ВЭУ | B4: № сваи
A5: ВЭУ-15 | B5: 1 | C5: 26.27 | E5: 46225 | F5: 37/4 | G5: 9 | H5: 37/5 | I5: 9 | J5: 37/6 | K5: 9 | N5: =G5+I5+K5+M5 -> 27 | O5: =N5-C5 -> 0.73 | P5: =E5+7 -> 46232 | Q5: =E5+14 -> 46239 | R5: =E5+28 -> 46253 | S5: + | T5: +
B6: 2 | C6: 26.27 | E6: 46226 | F6: 38/9 | G6: 9 | H6: 38/8 | I6: 9 | J6: 38/7 | K6: 9 | N6: =G6+I6+K6+M6 -> 27 | O6: =N6-C6 -> 0.73 | P6: =E6+7 -> 46233 | Q6: =E6+14 -> 46240 | R6: =E6+28 -> 46254 | S6: + | T6: +
B7: 3 | C7: 26.27 | E7: 46224 | F7: 36/22 | G7: 9 | H7: 36/26 | I7: 9 | J7: 36/24 | K7: 9 | N7: =G7+I7+K7+M7 -> 27 | O7: =N7-C7 -> 0.73 | P7: =E7+7 -> 46231 | Q7: =E7+14 -> 46238 | R7: =E7+28 -> 46252 | S7: + | T7: + | U7: -
B8: 4 | C8: 26.27 | E8: 46222 | F8: 34/1 | G8: 9 | H8: 34/2 | I8: 9 | J8: 34/3 | K8: 9 | N8: =G8+I8+K8+M8 -> 27 | O8: =N8-C8 -> 0.73 | P8: =E8+7 -> 46229 | Q8: =E8+14 -> 46236 | R8: =E8+28 -> 46250 | S8: + | T8: +
B9: 5 | C9: 26.27 | E9: 46224 | F9: 36/13 | G9: 9 | H9: 36/14 | I9: 9 | J9: 36/15 | K9: 9 | N9: =G9+I9+K9+M9 -> 27 | O9: =N9-C9 -> 0.73 | P9: =E9+7 -> 46231 | Q9: =E9+14 -> 46238 | R9: =E9+28 -> 46252 | S9: + | T9: +
B10: 6 | C10: 26.27 | E10: 46221 | F10: 33/1 | G10: 9 | H10: 33/2 | I10: 9 | J10: 33/3 | K10: 9 | N10: =G10+I10+K10+M10 -> 27 | O10: =N10-C10 -> 0.73 | P10: =E10+7 -> 46228 | Q10: =E10+14 -> 46235 | R10: =E10+28 -> 46249 | S10: + | T10: +
B11: 7 | C11: 26.27 | E11: 46224 | F11: 36/1 | G11: 9 | H11: 36/2 | I11: 9 | J11: 36/3 | K11: 9 | N11: =G11+I11+K11+M11 -> 27 | O11: =N11-C11 -> 0.73 | P11: =E11+7 -> 46231 | Q11: =E11+14 -> 46238 | R11: =E11+28 -> 46252 | S11: + | T11: +
B12: 8 | C12: 26.27 | E12: 46220 | F12: 32/1 | G12: 6 | H12: 32/2 | I12: 7 | J12: 32/3 | K12: 7 | L12: 32/4 | M12: 7 | N12: =G12+I12+K12+M12 -> 27 | O12: =N12-C12 -> 0.73 | P12: =E12+7 -> 46227 | Q12: =E12+14 -> 46234 | R12: =E12+28 -> 46248 | S12: + | T12: + | U12: +
B13: 9 | C13: 26.27 | E13: 46216 | F13: №28/1 | G13: 10 | H13: №28/2 | I13: 10 | J13: №28/3 | K13: 7.5 | N13: =G13+I13+K13+M13 -> 27.5 | O13: =N13-C13 -> 1.23 | P13: =E13+7 -> 46223 | Q13: =E13+14 -> 46230 | R13: =E13+28 -> 46244 | S13: + | T13: + | U13: +
B14: 10 | C14: 26.27 | E14: 46219 | F14: 31/16 | G14: 9 | H14: 31/17 | I14: 9 | J14: 31/18 | K14: 5 | L14: 31/19 | M14: 4 | N14: =G14+I14+K14+M14 -> 27 | O14: =N14-C14 -> 0.73 | P14: =E14+7 -> 46226 | Q14: =E14+14 -> 46233 | R14: =E14+28 -> 46247 | S14: + | T14: + | U14: +
B15: 11 | C15: 26.27 | E15: 46217 | F15: №29/5 | G15: 9 | H15: №29/6 | I15: 9 | J15: №29/2 | K15: 9 | N15: =G15+I15+K15+M15 -> 27 | O15: =N15-C15 -> 0.73 | P15: =E15+7 -> 46224 | Q15: =E15+14 -> 46231 | R15: =E15+28 -> 46245 | S15: + | T15: + | U15: +
B16: 12 | C16: 26.27 | E16: 46223 | F16: 35/4 | G16: 9 | H16: 35/5 | I16: 9 | J16: 35/6 | K16: 9 | N16: =G16+I16+K16+M16 -> 27 | O16: =N16-C16 -> 0.73 | P16: =E16+7 -> 46230 | Q16: =E16+14 -> 46237 | R16: =E16+28 -> 46251 | S16: + | T16: +
B17: 13 | C17: 26.27 | E17: 46219 | F17: №31/7 | G17: 9 | H17: №31/8 | I17: 9 | J17: №31/19 | K17: 9 | N17: =G17+I17+K17+M17 -> 27 | O17: =N17-C17 -> 0.73 | P17: =E17+7 -> 46226 | Q17: =E17+14 -> 46233 | R17: =E17+28 -> 46247 | S17: + | T17: + | U17: +
B18: 14 | C18: 26.27 | E18: 46223 | F18: 35/1 | G18: 9 | H18: 35/2 | I18: 9 | J18: 35/3 | K18: 9 | N18: =G18+I18+K18+M18 -> 27 | O18: =N18-C18 -> 0.73 | P18: =E18+7 -> 46230 | Q18: =E18+14 -> 46237 | R18: =E18+28 -> 46251 | S18: + | T18: +
B19: 15 | C19: 26.27 | E19: 46225 | F19: 37/13 | G19: 9 | H19: 37/14 | I19: 9 | J19: 37/15 | K19: 9 | N19: =G19+I19+K19+M19 -> 27 | O19: =N19-C19 -> 0.73 | P19: =E19+7 -> 46232 | Q19: =E19+14 -> 46239 | R19: =E19+28 -> 46253 | S19: + | T19: +
B20: 16 | C20: 26.27 | E20: 46227 | F20: №39/3 | G20: 9 | H20: №39/2 | I20: 9 | J20: №39/1 | K20: 9 | N20: =G20+I20+K20+M20 -> 27 | O20: =N20-C20 -> 0.73 | P20: =E20+7 -> 46234 | Q20: =E20+14 -> 46241 | R20: =E20+28 -> 46255 | S20: + | T20: +
B21: 17 | C21: 26.27 | E21: 46225 | F21: 37/19 | G21: 9 | H21: 37/20 | I21: 9 | J21: 37/21 | K21: 9 | N21: =G21+I21+K21+M21 -> 27 | O21: =N21-C21 -> 0.73 | P21: =E21+7 -> 46232 | Q21: =E21+14 -> 46239 | R21: =E21+28 -> 46253 | S21: + | T21: +
B22: 18 | C22: 26.27 | E22: 46227 | F22: №39/12 | G22: 9 | H22: №39/11 | I22: 9 | J22: №39/10 | K22: 9 | N22: =G22+I22+K22+M22 -> 27 | O22: =N22-C22 -> 0.73 | P22: =E22+7 -> 46234 | Q22: =E22+14 -> 46241 | R22: =E22+28 -> 46255 | S22: + | T22: +
B23: 19 | C23: 26.27 | E23: 46228 | F23: №40/6 | G23: 9 | H23: №40/5 | I23: 9 | J23: №40/4 | K23: 9 | N23: =G23+I23+K23+M23 -> 27 | O23: =N23-C23 -> 0.73 | P23: =E23+7 -> 46235 | Q23: =E23+14 -> 46242 | R23: =E23+28 -> 46256 | S23: + | T23: +
B24: 20 | C24: 26.27 | E24: 46229 | F24: №40/34 | G24: 9 | H24: №40/33 | I24: 9 | J24: №40/32 | K24: 9 | N24: =G24+I24+K24+M24 -> 27 | O24: =N24-C24 -> 0.73 | P24: =E24+7 -> 46236 | Q24: =E24+14 -> 46243 | R24: =E24+28 -> 46257 | S24: + | T24: +
B25: 21 | C25: 26.27 | E25: 46229 | F25: №41/15 | G25: 9 | H25: №41/14 | I25: 9 | J25: №41/13 | K25: 9 | N25: =G25+I25+K25+M25 -> 27 | O25: =N25-C25 -> 0.73 | P25: =E25+7 -> 46236 | Q25: =E25+14 -> 46243 | R25: =E25+28 -> 46257 | S25: + | T25: +
B26: 22 | C26: 26.27 | E26: 46228 | F26: №40/22 | G26: 9 | H26: №40/21 | I26: 9 | J26: №40/20 | K26: 9 | N26: =G26+I26+K26+M26 -> 27 | O26: =N26-C26 -> 0.73 | P26: =E26+7 -> 46235 | Q26: =E26+14 -> 46242 | R26: =E26+28 -> 46256 | S26: + | T26: +
B27: 23 | C27: 26.27 | E27: 46227 | F27: №29/18 | G27: 9 | H27: №39/17 | I27: 9 | J27: №39/16 | K27: 9 | N27: =G27+I27+K27+M27 -> 27 | O27: =N27-C27 -> 0.73 | P27: =E27+7 -> 46234 | Q27: =E27+14 -> 46241 | R27: =E27+28 -> 46255 | S27: + | T27: +
B28: 24 | C28: 26.27 | E28: 46226 | F28: 38/12 | G28: 9 | H28: 38/11 | I28: 9 | J28: 38/10 | K28: 9 | N28: =G28+I28+K28+M28 -> 27 | O28: =N28-C28 -> 0.73 | P28: =E28+7 -> 46233 | Q28: =E28+14 -> 46240 | R28: =E28+28 -> 46254 | S28: + | T28: +
A29: Итого | C29: =SUM(C5:D28) -> 630.48

Sheet 16
A1: ОСНОВНЫЕ БНС | C1: м3 (проект) | E1: Дата заливки | F1: ДКБС№ | G1: м3 (ДКБС) | H1: ДКБС№ | I1: м3 (ДКБС) | J1: ДКБС№ | K1: м3 (ДКБС) | L1: ДКБС№ | M1: м3 (ДКБС) | N1: Итого | O1: Разница (Проект-Факт) | P1: 7 суток (Протокол) | Q1: 14 суток (Протокол) | R1: 28 суток (Протокол) | S1: 7 суток (Протокол) Статус | T1: 14 суток (Статус) | U1: 28 суток (Протокол) Статус
A4: №ВЭУ | B4: № сваи
A5: ВЭУ-16 | B5: 1 | C5: 26.27 | E5: 46239 | F5: 51/30 | G5: 9 | H5: 51/29 | I5: 9 | J5: 51/28 | K5: 9 | N5: =G5+I5+K5+M5 -> 27 | O5: =N5-C5 -> 0.73 | P5: =E5+7 -> 46246 | Q5: =E5+14 -> 46253 | R5: =E5+28 -> 46267 | S5: +
B6: 2 | C6: 26.27 | E6: 46240 | F6: 52/10 | G6: 9 | H6: 52/9 | I6: 9 | J6: 52/8 | K6: 9 | N6: =G6+I6+K6+M6 -> 27 | O6: =N6-C6 -> 0.73 | P6: =E6+7 -> 46247 | Q6: =E6+14 -> 46254 | R6: =E6+28 -> 46268 | S6: +
B7: 3 | C7: 26.27 | E7: 46239 | F7: 51/15 | G7: 9 | H7: 51/14 | I7: 9 | J7: 51/13 | K7: 9 | N7: =G7+I7+K7+M7 -> 27 | O7: =N7-C7 -> 0.73 | P7: =E7+7 -> 46246 | Q7: =E7+14 -> 46253 | R7: =E7+28 -> 46267 | S7: + | U7: -
B8: 4 | C8: 26.27 | E8: 46238 | F8: 50/27 | G8: 9 | H8: 50/26 | I8: 9 | J8: 50/25 | K8: 9 | N8: =G8+I8+K8+M8 -> 27 | O8: =N8-C8 -> 0.73 | P8: =E8+7 -> 46245 | Q8: =E8+14 -> 46252 | R8: =E8+28 -> 46266 | S8: +
B9: 5 | C9: 26.27 | E9: 46237 | F9: 49/7 | G9: 9 | H9: 49/8 | I9: 9 | J9: 49/9 | K9: 9 | N9: =G9+I9+K9+M9 -> 27 | O9: =N9-C9 -> 0.73 | P9: =E9+7 -> 46244 | Q9: =E9+14 -> 46251 | R9: =E9+28 -> 46265 | S9: +
B10: 6 | C10: 26.27 | E10: 46239 | F10: 51/6 | G10: 9 | H10: 51/5 | I10: 9 | J10: 51/4 | K10: 9 | N10: =G10+I10+K10+M10 -> 27 | O10: =N10-C10 -> 0.73 | P10: =E10+7 -> 46246 | Q10: =E10+14 -> 46253 | R10: =E10+28 -> 46267 | S10: +
B11: 7 | C11: 26.27 | E11: 46237 | F11: 49/1 | G11: 9 | H11: 49/2 | I11: 9 | J11: 49/3 | K11: 9 | N11: =G11+I11+K11+M11 -> 27 | O11: =N11-C11 -> 0.73 | P11: =E11+7 -> 46244 | Q11: =E11+14 -> 46251 | R11: =E11+28 -> 46265 | S11: +
B12: 8 | C12: 26.27 | E12: 46238 | F12: 50/1 | G12: 9 | H12: 50/2 | I12: 9 | J12: 50/3 | K12: 9 | N12: =G12+I12+K12+M12 -> 27 | O12: =N12-C12 -> 0.73 | P12: =E12+7 -> 46245 | Q12: =E12+14 -> 46252 | R12: =E12+28 -> 46266 | S12: +
B13: 9 | C13: 26.27 | E13: 46236 | F13: 48/8 | G13: 9 | H13: 48/9 | I13: 9 | J13: 48/10 | K13: 9 | N13: =G13+I13+K13+M13 -> 27 | O13: =N13-C13 -> 0.73 | P13: =E13+7 -> 46243 | Q13: =E13+14 -> 46250 | R13: =E13+28 -> 46264 | S13: +
B14: 10 | C14: 26.27 | E14: 46232 | F14: №44/24 | G14: 9 | H14: №44/23 | I14: 9 | J14: №44/22 | K14: 9 | N14: =G14+I14+K14+M14 -> 27 | O14: =N14-C14 -> 0.73 | P14: =E14+7 -> 46239 | Q14: =E14+14 -> 46246 | R14: =E14+28 -> 46260 | S14: + | T14: +
B15: 11 | C15: 26.27 | E15: 46231 | F15: №43/6 | G15: 9 | H15: №43/5 | I15: 9 | J15: №43/4 | K15: 9 | N15: =G15+I15+K15+M15 -> 27 | O15: =N15-C15 -> 0.73 | P15: =E15+7 -> 46238 | Q15: =E15+14 -> 46245 | R15: =E15+28 -> 46259 | S15: + | T15: +
B16: 12 | C16: 26.27 | E16: 46234 | F16: 46/14 | G16: 9 | H16: 46/13 | I16: 9 | J16: 46/15 | K16: 9 | N16: =G16+I16+K16+M16 -> 27 | O16: =N16-C16 -> 0.73 | P16: =E16+7 -> 46241 | Q16: =E16+14 -> 46248 | R16: =E16+28 -> 46262 | S16: + | T16: +
B17: 13 | C17: 26.27 | E17: 46230 | F17: №42/22 | G17: 9 | H17: №42/21 | I17: 9 | J17: №42/20 | K17: 9 | N17: =G17+I17+K17+M17 -> 27 | O17: =N17-C17 -> 0.73 | P17: =E17+7 -> 46237 | Q17: =E17+14 -> 46244 | R17: =E17+28 -> 46258 | S17: + | T17: +
B18: 14 | C18: 26.27 | E18: 46231 | F18: №43/15 | G18: 9 | H18: №43/14 | I18: 9 | J18: №43/13 | K18: 9 | N18: =G18+I18+K18+M18 -> 27 | O18: =N18-C18 -> 0.73 | P18: =E18+7 -> 46238 | Q18: =E18+14 -> 46245 | R18: =E18+28 -> 46259 | S18: + | T18: +
B19: 15 | C19: 26.27 | E19: 46230 | F19: №42/10 | G19: 9 | H19: №42/9 | I19: 9.5 | J19: №42/8 | K19: 9.5 | N19: =G19+I19+K19+M19 -> 28 | O19: =N19-C19 -> 1.73 | P19: =E19+7 -> 46237 | Q19: =E19+14 -> 46244 | R19: =E19+28 -> 46258 | S19: + | T19: +
B20: 16 | C20: 26.27 | E20: 46232 | F20: №44/6 | G20: 9 | H20: №44/5 | I20: 9 | J20: №44/4 | K20: 9 | N20: =G20+I20+K20+M20 -> 27 | O20: =N20-C20 -> 0.73 | P20: =E20+7 -> 46239 | Q20: =E20+14 -> 46246 | R20: =E20+28 -> 46260 | S20: + | T20: +
B21: 17 | C21: 26.27 | E21: 46233 | F21: 45/7 | G21: 9 | H21: 45/8 | I21: 9 | J21: 45/9 | K21: 9 | N21: =G21+I21+K21+M21 -> 27 | O21: =N21-C21 -> 0.73 | P21: =E21+7 -> 46240 | Q21: =E21+14 -> 46247 | R21: =E21+28 -> 46261 | S21: + | T21: +
B22: 18 | C22: 26.27 | E22: 46235 | F22: 47/6 | G22: 9 | H22: 47/5 | I22: 9 | J22: 47/4 | K22: 9 | N22: =G22+I22+K22+M22 -> 27 | O22: =N22-C22 -> 0.73 | P22: =E22+7 -> 46242 | Q22: =E22+14 -> 46249 | R22: =E22+28 -> 46263 | S22: +
B23: 19 | C23: 26.27 | E23: 46233 | F23: 45/22 | G23: 9 | H23: 45/23 | I23: 9 | J23: 45/24 | K23: 9 | N23: =G23+I23+K23+M23 -> 27 | O23: =N23-C23 -> 0.73 | P23: =E23+7 -> 46240 | Q23: =E23+14 -> 46247 | R23: =E23+28 -> 46261 | S23: + | T23: +
B24: 20 | C24: 26.27 | E24: 46235 | F24: 47/16 | G24: 9 | H24: 47/15 | I24: 9 | J24: 47/14 | K24: 9 | N24: =G24+I24+K24+M24 -> 27 | O24: =N24-C24 -> 0.73 | P24: =E24+7 -> 46242 | Q24: =E24+14 -> 46249 | R24: =E24+28 -> 46263 | S24: +
B25: 21 | C25: 26.27 | E25: 46234 | F25: 46/6 | G25: 9 | H25: 46/5 | I25: 9 | J25: 46/4 | K25: 9 | N25: =G25+I25+K25+M25 -> 27 | O25: =N25-C25 -> 0.73 | P25: =E25+7 -> 46241 | Q25: =E25+14 -> 46248 | R25: =E25+28 -> 46262 | S25: + | T25: +
B26: 22 | C26: 26.27 | E26: 46236 | F26: 48/1 | G26: 9 | H26: 48/2 | I26: 9 | J26: 48/3 | K26: 9 | N26: =G26+I26+K26+M26 -> 27 | O26: =N26-C26 -> 0.73 | P26: =E26+7 -> 46243 | Q26: =E26+14 -> 46250 | R26: =E26+28 -> 46264 | S26: +
B27: 23 | C27: 26.27 | E27: 46236 | F27: 48/16 | G27: 9 | H27: 48/17 | I27: 9 | J27: 48/18 | K27: 9 | N27: =G27+I27+K27+M27 -> 27 | O27: =N27-C27 -> 0.73 | P27: =E27+7 -> 46243 | Q27: =E27+14 -> 46250 | R27: =E27+28 -> 46264 | S27: +
B28: 24 | C28: 26.27 | E28: 46238 | F28: 50/15 | G28: 9 | H28: 50/14 | I28: 9 | J28: 50/13 | K28: 9 | N28: =G28+I28+K28+M28 -> 27 | O28: =N28-C28 -> 0.73 | P28: =E28+7 -> 46245 | Q28: =E28+14 -> 46252 | R28: =E28+28 -> 46266 | S28: +
A29: Итого | C29: =SUM(C5:D28) -> 630.48

Sheet 17
A1: ОСНОВНЫЕ БНС | C1: м3 (проект) | E1: Дата заливки | F1: ДКБС№ | G1: м3 (ДКБС) | H1: ДКБС№ | I1: м3 (ДКБС) | J1: ДКБС№ | K1: м3 (ДКБС) | L1: ДКБС№ | M1: м3 (ДКБС) | N1: Итого | O1: Разница (Проект-Факт) | P1: 7 суток (Протокол) | Q1: 14 суток (Протокол) | R1: 28 суток (Протокол) | S1: 7 суток (Протокол) Статус | T1: 14 суток (Статус) | U1: 28 суток (Протокол) Статус
A4: №ВЭУ | B4: № сваи
A5: ВЭУ-17 | B5: 1 | C5: 26.27 | E5: 46241 | F5: 53/26 | G5: 9 | H5: 53/27 | I5: 9 | J5: 53/28 | K5: 9 | N5: =G5+I5+K5+M5 -> 27 | O5: =N5-C5 -> 0.73 | P5: =E5+7 -> 46248 | Q5: =E5+14 -> 46255 | R5: =E5+28 -> 46269 | S5: +
B6: 2 | C6: 26.27 | E6: 46231 | F6: №43/9 | G6: 9 | H6: №43/8 | I6: 9 | J6: №43/7 | K6: 9 | N6: =G6+I6+K6+M6 -> 27 | O6: =N6-C6 -> 0.73 | P6: =E6+7 -> 46238 | Q6: =E6+14 -> 46245 | R6: =E6+28 -> 46259 | S6: + | T6: +
B7: 3 | C7: 26.27 | E7: 46233 | F7: 45/13 | G7: 9 | H7: 45/14 | I7: 9 | J7: 45/15 | K7: 9 | N7: =G7+I7+K7+M7 -> 27 | O7: =N7-C7 -> 0.73 | P7: =E7+7 -> 46240 | Q7: =E7+14 -> 46247 | R7: =E7+28 -> 46261 | S7: + | T7: + | U7: -
B8: 4 | C8: 26.27 | E8: 46232 | F8: №44/9 | G8: 9 | H8: №44/8 | I8: 9 | J8: №44/7 | K8: 9 | N8: =G8+I8+K8+M8 -> 27 | O8: =N8-C8 -> 0.73 | P8: =E8+7 -> 46239 | Q8: =E8+14 -> 46246 | R8: =E8+28 -> 46260 | S8: + | T8: +
B9: 5 | C9: 26.27 | E9: 46223 | F9: 35/10 | G9: 9 | H9: 35/11 | I9: 9 | J9: 35/12 | K9: 9 | N9: =G9+I9+K9+M9 -> 27 | O9: =N9-C9 -> 0.73 | P9: =E9+7 -> 46230 | Q9: =E9+14 -> 46237 | R9: =E9+28 -> 46251 | S9: + | T9: +
B10: 6 | C10: 26.27 | E10: 46237 | F10: 49/6 | G10: 9 | H10: 49/4 | I10: 9 | J10: 49/5 | K10: 9 | N10: =G10+I10+K10+M10 -> 27 | O10: =N10-C10 -> 0.73 | P10: =E10+7 -> 46244 | Q10: =E10+14 -> 46251 | R10: =E10+28 -> 46265 | S10: +
B11: 7 | C11: 26.27 | E11: 46235 | F11: 47/13 | G11: 9.5 | H11: 47/12 | I11: 9.5 | J11: 47/11 | K11: 9 | N11: =G11+I11+K11+M11 -> 28 | O11: =N11-C11 -> 1.73 | P11: =E11+7 -> 46242 | Q11: =E11+14 -> 46249 | R11: =E11+28 -> 46263 | S11: +
B12: 8 | C12: 26.27 | E12: 46238 | F12: 50/6 | G12: 9 | H12: 50/5 | I12: 9 | J12: 50/4 | K12: 9 | N12: =G12+I12+K12+M12 -> 27 | O12: =N12-C12 -> 0.73 | P12: =E12+7 -> 46245 | Q12: =E12+14 -> 46252 | R12: =E12+28 -> 46266 | S12: +
B13: 9 | C13: 26.27 | E13: 46236 | F13: 48/12 | G13: 1.5 | H13: 48/5 | I13: 9 | J13: 48/6 | K13: 9 | L13: 48/7 | M13: 9 | N13: =G13+I13+K13+M13 -> 28.5 | O13: =N13-C13 -> 2.23 | P13: =E13+7 -> 46243 | Q13: =E13+14 -> 46250 | R13: =E13+28 -> 46264 | S13: +
B14: 10 | C14: 26.27 | E14: 46234 | F14: 46/20 | G14: 9.5 | H14: 46/21 | I14: 9.5 | J14: 46/22 | K14: 9 | N14: =G14+I14+K14+M14 -> 28 | O14: =N14-C14 -> 1.73 | P14: =E14+7 -> 46241 | Q14: =E14+14 -> 46248 | R14: =E14+28 -> 46262 | S14: + | T14: +
B15: 11 | C15: 26.27 | E15: 46224 | F15: 36/7 | G15: 9 | H15: 36/8 | I15: 9 | J15: 36/9 | K15: 9 | N15: =G15+I15+K15+M15 -> 27 | O15: =N15-C15 -> 0.73 | P15: =E15+7 -> 46231 | Q15: =E15+14 -> 46238 | R15: =E15+28 -> 46252 | S15: + | T15: +
B16: 12 | C16: 26.27 | E16: 46228 | F16: №40/31 | G16: 9 | H16: №40/30 | I16: 9 | J16: №40/29 | K16: 9 | N16: =G16+I16+K16+M16 -> 27 | O16: =N16-C16 -> 0.73 | P16: =E16+7 -> 46235 | Q16: =E16+14 -> 46242 | R16: =E16+28 -> 46256 | S16: + | T16: +
B17: 13 | C17: 26.27 | E17: 46219 | F17: 31/20 | G17: 5 | H17: 31/21 | I17: 5 | J17: 31/15 | K17: 9 | L17: 31/14, 31/13 | M17: =9+9 -> 18 | N17: =G17+I17+K17+M17 -> 37 | O17: =N17-C17 -> 10.73 | P17: =E17+7 -> 46226 | Q17: =E17+14 -> 46233 | R17: =E17+28 -> 46247 | S17: + | T17: + | U17: +
B18: 14 | C18: 26.27 | E18: 46230 | F18: №42/7 | G18: 1.5 | H18: №42/6 | I18: 9 | J18: №42/5 | K18: 9 | L18: №42/4 | M18: 9 | N18: =G18+I18+K18+M18 -> 28.5 | O18: =N18-C18 -> 2.23 | P18: =E18+7 -> 46237 | Q18: =E18+14 -> 46244 | R18: =E18+28 -> 46258 | S18: + | T18: +
B19: 15 | C19: 26.27 | E19: 46228 | F19: №40/16 | G19: 2.5 | H19: №40/15 | I19: 9 | J19: №40/14 | K19: 9 | L19: №40/13 | M19: 9 | N19: =G19+I19+K19+M19 -> 29.5 | O19: =N19-C19 -> 3.23 | P19: =E19+7 -> 46235 | Q19: =E19+14 -> 46242 | R19: =E19+28 -> 46256 | S19: + | T19: +
B20: 16 | C20: 26.27 | E20: 46229 | F20: №41/18 | G20: 9 | H20: №41/17 | I20: 9 | J20: №41/6 | K20: 9 | N20: =G20+I20+K20+M20 -> 27 | O20: =N20-C20 -> 0.73 | P20: =E20+7 -> 46236 | Q20: =E20+14 -> 46243 | R20: =E20+28 -> 46257 | S20: + | T20: +
B21: 17 | C21: 26.27 | E21: 46232 | F21: №44/18 | G21: 9 | H21: №44/17 | I21: 9 | J21: №44/16 | K21: 9 | N21: =G21+I21+K21+M21 -> 27 | O21: =N21-C21 -> 0.73 | P21: =E21+7 -> 46239 | Q21: =E21+14 -> 46246 | R21: =E21+28 -> 46260 | S21: + | T21: +
B22: 18 | C22: 26.27 | E22: 46229 | F22: №41/6 | G22: 9 | H22: №41/5 | I22: 9 | J22: №41/4 | K22: 9 | N22: =G22+I22+K22+M22 -> 27 | O22: =N22-C22 -> 0.73 | P22: =E22+7 -> 46236 | Q22: =E22+14 -> 46243 | R22: =E22+28 -> 46257 | S22: + | T22: +
B23: 19 | C23: 26.27 | E23: 46230 | F23: №42/19 | G23: 9 | H23: №42/18 | I23: 9 | J23: №42/17 | K23: 9 | N23: =G23+I23+K23+M23 -> 27 | O23: =N23-C23 -> 0.73 | P23: =E23+7 -> 46237 | Q23: =E23+14 -> 46244 | R23: =E23+28 -> 46258 | S23: + | T23: +
B24: 20 | C24: 26.27 | E24: 46231 | F24: №43/21 | G24: 9 | H24: №43/20 | I24: 9 | J24: №43/19 | K24: 9 | N24: =G24+I24+K24+M24 -> 27 | O24: =N24-C24 -> 0.73 | P24: =E24+7 -> 46238 | Q24: =E24+14 -> 46245 | R24: =E24+28 -> 46259 | S24: + | T24: +
B25: 21 | C25: 26.27 | E25: 46233 | F25: 45/1 | G25: 9 | H25: 45/2 | I25: 9 | J25: 45/3 | K25: 9 | N25: =G25+I25+K25+M25 -> 27 | O25: =N25-C25 -> 0.73 | P25: =E25+7 -> 46240 | Q25: =E25+14 -> 46247 | R25: =E25+28 -> 46261 | S25: + | T25: +
B26: 22 | C26: 26.27 | E26: 46234 | F26: 46/3 | G26: 9 | H26: 46/2 | I26: 9 | J26: 46/1 | K26: 9 | N26: =G26+I26+K26+M26 -> 27 | O26: =N26-C26 -> 0.73 | P26: =E26+7 -> 46241 | Q26: =E26+14 -> 46248 | R26: =E26+28 -> 46262 | S26: +
B27: 23 | C27: 26.27 | E27: 46236 | F27: 48/19 | G27: 9 | H27: 48/20 | I27: 9 | J27: 48/21 | K27: 9 | N27: =G27+I27+K27+M27 -> 27 | O27: =N27-C27 -> 0.73 | P27: =E27+7 -> 46243 | Q27: =E27+14 -> 46250 | R27: =E27+28 -> 46264 | S27: +
B28: 24 | C28: 26.27 | E28: 46237 | F28: 49/10 | G28: 9 | H28: 49/11 | I28: 9 | J28: 49/12 | K28: 9 | N28: =G28+I28+K28+M28 -> 27 | O28: =N28-C28 -> 0.73 | P28: =E28+7 -> 46244 | Q28: =E28+14 -> 46251 | R28: =E28+28 -> 46265 | S28: +
A29: Итого | C29: =SUM(C5:D28) -> 630.48

Sheet 18
A1: ОСНОВНЫЕ БНС | C1: м3 (проект) | E1: Дата заливки | F1: ДКБС№ | G1: м3 (ДКБС) | H1: ДКБС№ | I1: м3 (ДКБС) | J1: ДКБС№ | K1: м3 (ДКБС) | L1: ДКБС№ | M1: м3 (ДКБС) | N1: Итого | O1: Разница (Проект-Факт) | P1: 7 суток (Протокол) | Q1: 14 суток (Протокол) | R1: 28 суток (Протокол) | S1: 7 суток (Протокол) Статус | T1: 14 суток (Статус) | U1: 28 суток (Протокол) Статус
A4: №ВЭУ | B4: № сваи
A5: ВЭУ-18 | B5: 1 | C5: 26.27 | E5: 46240 | F5: 52/13 | G5: 8 | H5: 52/12 | I5: 9.5 | J5: 52/11 | K5: 9.5 | N5: =G5+I5+K5+M5 -> 27 | O5: =N5-C5 -> 0.73 | P5: =E5+7 -> 46247 | Q5: =E5+14 -> 46254 | R5: =E5+28 -> 46268 | S5: +
B6: 2 | C6: 26.27 | E6: 46244 | F6: 56/1 | G6: 9 | H6: 56/2 | I6: 9 | J6: 56/3 | K6: 9 | N6: =G6+I6+K6+M6 -> 27 | O6: =N6-C6 -> 0.73 | P6: =E6+7 -> 46251 | Q6: =E6+14 -> 46258 | R6: =E6+28 -> 46272
B7: 3 | C7: 26.27 | E7: 46247 | F7: 59/19 | G7: 9 | H7: 59/20 | I7: 9 | J7: 59/21 | K7: 9 | N7: =G7+I7+K7+M7 -> 27 | O7: =N7-C7 -> 0.73 | P7: =E7+7 -> 46254 | Q7: =E7+14 -> 46261 | R7: =E7+28 -> 46275 | U7: -
B8: 4 | C8: 26.27 | E8: 46245 | F8: 57/21 | G8: 9 | H8: 57/19 | I8: 9 | J8: 57/18 | K8: 9 | N8: =G8+I8+K8+M8 -> 27 | O8: =N8-C8 -> 0.73 | P8: =E8+7 -> 46252 | Q8: =E8+14 -> 46259 | R8: =E8+28 -> 46273
B9: 5 | C9: 26.27 | E9: 46248 | N9: =G9+I9+K9+M9 -> 0 | O9: =N9-C9 -> -26.27 | P9: =E9+7 -> 46255 | Q9: =E9+14 -> 46262 | R9: =E9+28 -> 46276
B10: 6 | C10: 26.27 | E10: 46247 | F10: 59/4 | G10: 9 | H10: 59/5 | I10: 9 | J10: 59/6 | K10: 9 | N10: =G10+I10+K10+M10 -> 27 | O10: =N10-C10 -> 0.73 | P10: =E10+7 -> 46254 | Q10: =E10+14 -> 46261 | R10: =E10+28 -> 46275
B11: 7 | C11: 26.27 | E11: 46248 | N11: =G11+I11+K11+M11 -> 0 | O11: =N11-C11 -> -26.27 | P11: =E11+7 -> 46255 | Q11: =E11+14 -> 46262 | R11: =E11+28 -> 46276
B12: 8 | C12: 26.27 | E12: 46246 | F12: 58/3 | G12: 9 | H12: 58/2 | I12: 9 | J12: 58/1 | K12: 9 | N12: =G12+I12+K12+M12 -> 27 | O12: =N12-C12 -> 0.73 | P12: =E12+7 -> 46253 | Q12: =E12+14 -> 46260 | R12: =E12+28 -> 46274
B13: 9 | C13: 26.27 | E13: 46245 | F13: 57/6 | G13: 9 | H13: 57/5 | I13: 9 | J13: 57/4 | K13: 9 | N13: =G13+I13+K13+M13 -> 27 | O13: =N13-C13 -> 0.73 | P13: =E13+7 -> 46252 | Q13: =E13+14 -> 46259 | R13: =E13+28 -> 46273
B14: 10 | C14: 26.27 | E14: 46247 | F14: 59/28 | G14: 9 | H14: 59/29 | I14: 9 | J14: 59/30 | K14: 9 | N14: =G14+I14+K14+M14 -> 27 | O14: =N14-C14 -> 0.73 | P14: =E14+7 -> 46254 | Q14: =E14+14 -> 46261 | R14: =E14+28 -> 46275
B15: 11 | C15: 26.27 | E15: 46243 | F15: 55/24 | G15: 9 | H15: 55/23 | I15: 9 | J15: 55/22 | K15: 9 | N15: =G15+I15+K15+M15 -> 27 | O15: =N15-C15 -> 0.73 | P15: =E15+7 -> 46250 | Q15: =E15+14 -> 46257 | R15: =E15+28 -> 46271
B16: 12 | C16: 26.27 | E16: 46242 | F16: 54/7 | G16: 9 | H16: 54/8 | I16: 9 | J16: 54/9 | K16: 9 | N16: =G16+I16+K16+M16 -> 27 | O16: =N16-C16 -> 0.73 | P16: =E16+7 -> 46249 | Q16: =E16+14 -> 46256 | R16: =E16+28 -> 46270
B17: 13 | C17: 26.27 | E17: 46244 | F17: 56/25 | G17: 9 | H17: 56/26 | I17: 9 | J17: 56/27 | K17: 9 | N17: =G17+I17+K17+M17 -> 27 | O17: =N17-C17 -> 0.73 | P17: =E17+7 -> 46251 | Q17: =E17+14 -> 46258 | R17: =E17+28 -> 46272
B18: 14 | C18: 26.27 | E18: 46241 | F18: 53/12 | G18: 9 | H18: 53/11 | I18: 9 | J18: 53/10 | K18: 9 | N18: =G18+I18+K18+M18 -> 27 | O18: =N18-C18 -> 0.73 | P18: =E18+7 -> 46248 | Q18: =E18+14 -> 46255 | R18: =E18+28 -> 46269 | S18: +
B19: 15 | C19: 26.27 | E19: 46242 | F19: 54/20 | G19: 9 | H19: 54/19 | I19: 9 | J19: 54/18 | K19: 9 | N19: =G19+I19+K19+M19 -> 27 | O19: =N19-C19 -> 0.73 | P19: =E19+7 -> 46249 | Q19: =E19+14 -> 46256 | R19: =E19+28 -> 46270
B20: 16 | C20: 26.27 | E20: 46239 | F20: 51/27 | G20: 9 | H20: 51/26 | I20: 9 | J20: 51/25 | K20: 9 | N20: =G20+I20+K20+M20 -> 27 | O20: =N20-C20 -> 0.73 | P20: =E20+7 -> 46246 | Q20: =E20+14 -> 46253 | R20: =E20+28 -> 46267 | S20: +
B21: 17 | C21: 26.27 | E21: 46243 | F21: 55/3 | G21: 9 | H21: 55/2 | I21: 9 | J21: 55/1 | K21: 9 | N21: =G21+I21+K21+M21 -> 27 | O21: =N21-C21 -> 0.73 | P21: =E21+7 -> 46250 | Q21: =E21+14 -> 46257 | R21: =E21+28 -> 46271
B22: 18 | C22: 26.27 | E22: 46239 | F22: 51/9 | G22: 9 | H22: 51/8 | I22: 9 | J22: 51/7 | K22: 9 | N22: =G22+I22+K22+M22 -> 27 | O22: =N22-C22 -> 0.73 | P22: =E22+7 -> 46246 | Q22: =E22+14 -> 46253 | R22: =E22+28 -> 46267 | S22: +
B23: 19 | C23: 26.27 | E23: 46243 | F23: 55/14 | G23: 9 | H23: 55/13 | I23: 9 | J23: 55/12 | K23: 9 | N23: =G23+I23+K23+M23 -> 27 | O23: =N23-C23 -> 0.73 | P23: =E23+7 -> 46250 | Q23: =E23+14 -> 46257 | R23: =E23+28 -> 46271
B24: 20 | C24: 26.27 | E24: 46236 | F24: 48/13 | G24: 9 | H24: 48/14 | I24: 9 | J24: 48/15 | K24: 9 | N24: =G24+I24+K24+M24 -> 27 | O24: =N24-C24 -> 0.73 | P24: =E24+7 -> 46243 | Q24: =E24+14 -> 46250 | R24: =E24+28 -> 46264 | S24: +
B25: 21 | C25: 26.27 | E25: 46241 | F25: 53/31 | G25: 9 | H25: 53/30 | I25: 9 | J25: 53/29 | K25: 9 | N25: =G25+I25+K25+M25 -> 27 | O25: =N25-C25 -> 0.73 | P25: =E25+7 -> 46248 | Q25: =E25+14 -> 46255 | R25: =E25+28 -> 46269 | S25: +
B26: 22 | C26: 26.27 | E26: 46246 | F26: 58/24 | G26: 9 | H26: 58/23 | I26: 9 | J26: 58/22 | K26: 9 | N26: =G26+I26+K26+M26 -> 27 | O26: =N26-C26 -> 0.73 | P26: =E26+7 -> 46253 | Q26: =E26+14 -> 46260 | R26: =E26+28 -> 46274
B27: 23 | C27: 26.27 | E27: 46244 | F27: 56/13 | G27: 9 | H27: 56/14 | I27: 9 | J27: 56/15 | K27: 9 | N27: =G27+I27+K27+M27 -> 27 | O27: =N27-C27 -> 0.73 | P27: =E27+7 -> 46251 | Q27: =E27+14 -> 46258 | R27: =E27+28 -> 46272
B28: 24 | C28: 26.27 | E28: 46245 | F28: 57/29 | G28: 9 | H28: 57/28 | I28: 9 | J28: 57/27 | K28: 9 | N28: =G28+I28+K28+M28 -> 27 | O28: =N28-C28 -> 0.73 | P28: =E28+7 -> 46252 | Q28: =E28+14 -> 46259 | R28: =E28+28 -> 46273
A29: Итого | C29: =SUM(C5:D28) -> 630.48

Sheet 19
A1: ОСНОВНЫЕ БНС | C1: м3 (проект) | E1: Дата заливки | F1: ДКБС№ | G1: м3 (ДКБС) | H1: ДКБС№ | I1: м3 (ДКБС) | J1: ДКБС№ | K1: м3 (ДКБС) | L1: ДКБС№ | M1: м3 (ДКБС) | N1: Итого | O1: Разница (Проект-Факт) | P1: 7 суток (Протокол) | Q1: 14 суток (Протокол) | R1: 28 суток (Протокол) | S1: 7 суток (Протокол) Статус | T1: 14 суток (Статус) | U1: 28 суток (Протокол) Статус
A4: №ВЭУ | B4: № сваи
A5: ВЭУ-19 | B5: 1 | C5: 26.27 | N5: =G5+I5+K5+M5 -> 0 | O5: =N5-C5 -> -26.27 | P5: =E5+7 -> 7 | Q5: =E5+14 -> 14 | R5: =E5+28 -> 28
B6: 2 | C6: 26.27 | N6: =G6+I6+K6+M6 -> 0 | O6: =N6-C6 -> -26.27 | P6: =E6+7 -> 7 | Q6: =E6+14 -> 14 | R6: =E6+28 -> 28
B7: 3 | C7: 26.27 | N7: =G7+I7+K7+M7 -> 0 | O7: =N7-C7 -> -26.27 | P7: =E7+7 -> 7 | Q7: =E7+14 -> 14 | R7: =E7+28 -> 28 | U7: -
B8: 4 | C8: 26.27 | N8: =G8+I8+K8+M8 -> 0 | O8: =N8-C8 -> -26.27 | P8: =E8+7 -> 7 | Q8: =E8+14 -> 14 | R8: =E8+28 -> 28
B9: 5 | C9: 26.27 | N9: =G9+I9+K9+M9 -> 0 | O9: =N9-C9 -> -26.27 | P9: =E9+7 -> 7 | Q9: =E9+14 -> 14 | R9: =E9+28 -> 28
B10: 6 | C10: 26.27 | N10: =G10+I10+K10+M10 -> 0 | O10: =N10-C10 -> -26.27 | P10: =E10+7 -> 7 | Q10: =E10+14 -> 14 | R10: =E10+28 -> 28
B11: 7 | C11: 26.27 | N11: =G11+I11+K11+M11 -> 0 | O11: =N11-C11 -> -26.27 | P11: =E11+7 -> 7 | Q11: =E11+14 -> 14 | R11: =E11+28 -> 28
B12: 8 | C12: 26.27 | N12: =G12+I12+K12+M12 -> 0 | O12: =N12-C12 -> -26.27 | P12: =E12+7 -> 7 | Q12: =E12+14 -> 14 | R12: =E12+28 -> 28
B13: 9 | C13: 26.27 | N13: =G13+I13+K13+M13 -> 0 | O13: =N13-C13 -> -26.27 | P13: =E13+7 -> 7 | Q13: =E13+14 -> 14 | R13: =E13+28 -> 28
B14: 10 | C14: 26.27 | N14: =G14+I14+K14+M14 -> 0 | O14: =N14-C14 -> -26.27 | P14: =E14+7 -> 7 | Q14: =E14+14 -> 14 | R14: =E14+28 -> 28
B15: 11 | C15: 26.27 | N15: =G15+I15+K15+M15 -> 0 | O15: =N15-C15 -> -26.27 | P15: =E15+7 -> 7 | Q15: =E15+14 -> 14 | R15: =E15+28 -> 28
B16: 12 | C16: 26.27 | N16: =G16+I16+K16+M16 -> 0 | O16: =N16-C16 -> -26.27 | P16: =E16+7 -> 7 | Q16: =E16+14 -> 14 | R16: =E16+28 -> 28
B17: 13 | C17: 26.27 | N17: =G17+I17+K17+M17 -> 0 | O17: =N17-C17 -> -26.27 | P17: =E17+7 -> 7 | Q17: =E17+14 -> 14 | R17: =E17+28 -> 28
B18: 14 | C18: 26.27 | N18: =G18+I18+K18+M18 -> 0 | O18: =N18-C18 -> -26.27 | P18: =E18+7 -> 7 | Q18: =E18+14 -> 14 | R18: =E18+28 -> 28
B19: 15 | C19: 26.27 | N19: =G19+I19+K19+M19 -> 0 | O19: =N19-C19 -> -26.27 | P19: =E19+7 -> 7 | Q19: =E19+14 -> 14 | R19: =E19+28 -> 28
... B28: 24 | C28: 26.27 | N28: =G28+I28+K28+M28 -> 0 | O28: =N28-C28 -> -26.27 | P28: =E28+7 -> 7 | Q28: =E28+14 -> 14 | R28: =E28+28 -> 28
A29: Итого | C29: =SUM(C5:D28) -> 630.48

Sheet 20
A1: ОСНОВНЫЕ БНС | C1: м3 (проект) | E1: Дата заливки | F1: ДКБС№ | G1: м3 (ДКБС) | H1: ДКБС№ | I1: м3 (ДКБС) | J1: ДКБС№ | K1: м3 (ДКБС) | L1: ДКБС№ | M1: м3 (ДКБС) | N1: Итого | O1: Разница (Проект-Факт) | P1: 7 суток (Протокол) | Q1: 14 суток (Протокол) | R1: 28 суток (Протокол) | S1: 7 суток (Протокол) Статус | T1: 14 суток (Статус) | U1: 28 суток (Протокол) Статус
A4: №ВЭУ | B4: № сваи
A5: ВЭУ-20 | B5: 1 | C5: 26.27 | N5: =G5+I5+K5+M5 -> 0 | O5: =N5-C5 -> -26.27 | P5: =E5+7 -> 7 | Q5: =E5+14 -> 14 | R5: =E5+28 -> 28
B6: 2 | C6: 26.27 | N6: =G6+I6+K6+M6 -> 0 | O6: =N6-C6 -> -26.27 | P6: =E6+7 -> 7 | Q6: =E6+14 -> 14 | R6: =E6+28 -> 28
B7: 3 | C7: 26.27 | N7: =G7+I7+K7+M7 -> 0 | O7: =N7-C7 -> -26.27 | P7: =E7+7 -> 7 | Q7: =E7+14 -> 14 | R7: =E7+28 -> 28 | U7: -
B8: 4 | C8: 26.27 | N8: =G8+I8+K8+M8 -> 0 | O8: =N8-C8 -> -26.27 | P8: =E8+7 -> 7 | Q8: =E8+14 -> 14 | R8: =E8+28 -> 28
B9: 5 | C9: 26.27 | N9: =G9+I9+K9+M9 -> 0 | O9: =N9-C9 -> -26.27 | P9: =E9+7 -> 7 | Q9: =E9+14 -> 14 | R9: =E9+28 -> 28
B10: 6 | C10: 26.27 | N10: =G10+I10+K10+M10 -> 0 | O10: =N10-C10 -> -26.27 | P10: =E10+7 -> 7 | Q10: =E10+14 -> 14 | R10: =E10+28 -> 28
B11: 7 | C11: 26.27 | N11: =G11+I11+K11+M11 -> 0 | O11: =N11-C11 -> -26.27 | P11: =E11+7 -> 7 | Q11: =E11+14 -> 14 | R11: =E11+28 -> 28
B12: 8 | C12: 26.27 | N12: =G12+I12+K12+M12 -> 0 | O12: =N12-C12 -> -26.27 | P12: =E12+7 -> 7 | Q12: =E12+14 -> 14 | R12: =E12+28 -> 28
B13: 9 | C13: 26.27 | N13: =G13+I13+K13+M13 -> 0 | O13: =N13-C13 -> -26.27 | P13: =E13+7 -> 7 | Q13: =E13+14 -> 14 | R13: =E13+28 -> 28
B14: 10 | C14: 26.27 | N14: =G14+I14+K14+M14 -> 0 | O14: =N14-C14 -> -26.27 | P14: =E14+7 -> 7 | Q14: =E14+14 -> 14 | R14: =E14+28 -> 28
B15: 11 | C15: 26.27 | N15: =G15+I15+K15+M15 -> 0 | O15: =N15-C15 -> -26.27 | P15: =E15+7 -> 7 | Q15: =E15+14 -> 14 | R15: =E15+28 -> 28
B16: 12 | C16: 26.27 | N16: =G16+I16+K16+M16 -> 0 | O16: =N16-C16 -> -26.27 | P16: =E16+7 -> 7 | Q16: =E16+14 -> 14 | R16: =E16+28 -> 28
B17: 13 | C17: 26.27 | N17: =G17+I17+K17+M17 -> 0 | O17: =N17-C17 -> -26.27 | P17: =E17+7 -> 7 | Q17: =E17+14 -> 14 | R17: =E17+28 -> 28
B18: 14 | C18: 26.27 | N18: =G18+I18+K18+M18 -> 0 | O18: =N18-C18 -> -26.27 | P18: =E18+7 -> 7 | Q18: =E18+14 -> 14 | R18: =E18+28 -> 28
B19: 15 | C19: 26.27 | N19: =G19+I19+K19+M19 -> 0 | O19: =N19-C19 -> -26.27 | P19: =E19+7 -> 7 | Q19: =E19+14 -> 14 | R19: =E19+28 -> 28
... B28: 24 | C28: 26.27 | N28: =G28+I28+K28+M28 -> 0 | O28: =N28-C28 -> -26.27 | P28: =E28+7 -> 7 | Q28: =E28+14 -> 14 | R28: =E28+28 -> 28
A29: Итого | C29: =SUM(C5:D28) -> 630.48
